region_id,region_name,year,indicator,value,status,source_name,source_url,indicator_code,version_date,method,note
rostov,Ростовская область,2020,unemployment_rate,5.0,official,Регионы России. Социально-экономические показатели 2024,https://storage.yandexcloud.net/tochno-st-catalog/Rosstat/data_regions_collection_102_v20260313/data_02_socio_economic_102_v20260313.zip,Y477110418,v20260313,official,"Уровень безработицы по данным выборочных обследований рабочей силы, %"
rostov,Ростовская область,2020,avg_salary,35.6,official,Регионы России. Социально-экономические показатели 2023,https://storage.yandexcloud.net/tochno-st-catalog/Rosstat/data_regions_collection_102_v20260313/data_03_socio_economic_102_v20260313.zip,Y477110378,v20260313,official / 1000,Среднемесячная номинальная начисленная зарплата работников организаций: руб. -> тыс. руб.
rostov,Ростовская область,2020,gdp_per_capita,406.0,official,Регионы России. Социально-экономические показатели 2024,https://storage.yandexcloud.net/tochno-st-catalog/Rosstat/data_regions_collection_102_v20260313/data_08_socio_economic_102_v20260313.zip,Y477110006,v20260313,official / 1000,ВРП на душу населения: руб. -> тыс. руб.; в текущей коллекции ряд доступен до 2023 года.
rostov,Ростовская область,2020,investment_per_capita,77.7,official,Регионы России. Социально-экономические показатели 2024,https://storage.yandexcloud.net/tochno-st-catalog/Rosstat/data_regions_collection_102_v20260313/data_10_socio_economic_102_v20260313.zip,Y477110108,v20260313,official / 1000,Инвестиции в основной капитал на душу населения: руб. -> тыс. руб.
rostov,Ростовская область,2020,poverty_rate,13.0,official,Регионы России. Социально-экономические показатели 2024,https://storage.yandexcloud.net/tochno-st-catalog/Rosstat/data_regions_collection_102_v20260313/data_03_socio_economic_102_v20260313.zip,Y477110463,v20260313,official,"Доля населения с денежными доходами ниже границы бедности / величины прожиточного минимума, %."
rostov,Ростовская область,2020,higher_education_share,3.1,official_proxy,Регионы России. Социально-экономические показатели 2024,https://storage.yandexcloud.net/tochno-st-catalog/Rosstat/data_regions_collection_102_v20260313/data_04_socio_economic_102_v20260313.zip,Y477110485,v20260313,official proxy / 100,Прокси: студенты программ бакалавриата/специалитета/магистратуры на 10000 человек населения / 100. Это не точный показатель 'доля занятого населения с высшим образованием'.
rostov,Ростовская область,2020,migration_growth,36.0,official,Регионы России. Социально-экономические показатели 2023,https://storage.yandexcloud.net/tochno-st-catalog/Rosstat/data_regions_collection_102_v20260313/data_01_socio_economic_102_v20260313.zip,Y477110197,v20260313,official,Коэффициент миграционного прироста на 10000 человек населения; в текущей коллекции ряд доступен до 2023 года.
rostov,Ростовская область,2020,roads_per_area,267.0,official,Регионы России. Социально-экономические показатели 2024,https://storage.yandexcloud.net/tochno-st-catalog/Rosstat/data_regions_collection_102_v20260313/data_16_socio_economic_102_v20260313.zip,Y477110295,v20260313,official,"Плотность автомобильных дорог общего пользования с твердым покрытием, км дорог на 1000 км2 территории."
rostov,Ростовская область,2020,rd_spending_pct_gdp,0.85,derived_from_official,Росстат / tochno.st,https://storage.yandexcloud.net/tochno-st-catalog/Rosstat/data_regions_collection_102_v20260313/data_18_socio_economic_102_v20260313.zip; https://storage.yandexcloud.net/tochno-st-catalog/Rosstat/data_regions_collection_102_v20260313/data_08_socio_economic_102_v20260313.zip,Y477110039; Y477110005,v20260313,computed from official source rows,Внутренние затраты на НИОКР / ВРП * 100. Для 2024 нужен официальный ВРП-2024.
rostov,Ростовская область,2020,emissions_per_gdp,0.1,derived_from_official,Росстат / tochno.st,https://storage.yandexcloud.net/tochno-st-catalog/Rosstat/data_regions_collection_102_v20260313/data_07_socio_economic_102_v20260313.zip; https://storage.yandexcloud.net/tochno-st-catalog/Rosstat/data_regions_collection_102_v20260313/data_08_socio_economic_102_v20260313.zip,Y477110053; Y477110005,v20260313,computed from official source rows,"Выбросы, тыс. тонн / ВРП, млрд руб. = тонн на 1 млн руб. ВРП. Для 2024 нужен официальный ВРП-2024."
rostov,Ростовская область,2021,unemployment_rate,4.0,official,Регионы России. Социально-экономические показатели 2024,https://storage.yandexcloud.net/tochno-st-catalog/Rosstat/data_regions_collection_102_v20260313/data_02_socio_economic_102_v20260313.zip,Y477110418,v20260313,official,"Уровень безработицы по данным выборочных обследований рабочей силы, %"
rostov,Ростовская область,2021,avg_salary,39.3,official,Регионы России. Социально-экономические показатели 2023,https://storage.yandexcloud.net/tochno-st-catalog/Rosstat/data_regions_collection_102_v20260313/data_03_socio_economic_102_v20260313.zip,Y477110378,v20260313,official / 1000,Среднемесячная номинальная начисленная зарплата работников организаций: руб. -> тыс. руб.
rostov,Ростовская область,2021,gdp_per_capita,485.9,official,Регионы России. Социально-экономические показатели 2024,https://storage.yandexcloud.net/tochno-st-catalog/Rosstat/data_regions_collection_102_v20260313/data_08_socio_economic_102_v20260313.zip,Y477110006,v20260313,official / 1000,ВРП на душу населения: руб. -> тыс. руб.; в текущей коллекции ряд доступен до 2023 года.
rostov,Ростовская область,2021,investment_per_capita,93.7,official,Регионы России. Социально-экономические показатели 2024,https://storage.yandexcloud.net/tochno-st-catalog/Rosstat/data_regions_collection_102_v20260313/data_10_socio_economic_102_v20260313.zip,Y477110108,v20260313,official / 1000,Инвестиции в основной капитал на душу населения: руб. -> тыс. руб.
rostov,Ростовская область,2021,poverty_rate,12.0,official,Регионы России. Социально-экономические показатели 2024,https://storage.yandexcloud.net/tochno-st-catalog/Rosstat/data_regions_collection_102_v20260313/data_03_socio_economic_102_v20260313.zip,Y477110463,v20260313,official,"Доля населения с денежными доходами ниже границы бедности / величины прожиточного минимума, %."
rostov,Ростовская область,2021,higher_education_share,3.1,official_proxy,Регионы России. Социально-экономические показатели 2024,https://storage.yandexcloud.net/tochno-st-catalog/Rosstat/data_regions_collection_102_v20260313/data_04_socio_economic_102_v20260313.zip,Y477110485,v20260313,official proxy / 100,Прокси: студенты программ бакалавриата/специалитета/магистратуры на 10000 человек населения / 100. Это не точный показатель 'доля занятого населения с высшим образованием'.
rostov,Ростовская область,2021,migration_growth,44.0,official,Регионы России. Социально-экономические показатели 2023,https://storage.yandexcloud.net/tochno-st-catalog/Rosstat/data_regions_collection_102_v20260313/data_01_socio_economic_102_v20260313.zip,Y477110197,v20260313,official,Коэффициент миграционного прироста на 10000 человек населения; в текущей коллекции ряд доступен до 2023 года.
rostov,Ростовская область,2021,roads_per_area,268.7,official,Регионы России. Социально-экономические показатели 2024,https://storage.yandexcloud.net/tochno-st-catalog/Rosstat/data_regions_collection_102_v20260313/data_16_socio_economic_102_v20260313.zip,Y477110295,v20260313,official,"Плотность автомобильных дорог общего пользования с твердым покрытием, км дорог на 1000 км2 территории."
rostov,Ростовская область,2021,rd_spending_pct_gdp,0.7,derived_from_official,Росстат / tochno.st,https://storage.yandexcloud.net/tochno-st-catalog/Rosstat/data_regions_collection_102_v20260313/data_18_socio_economic_102_v20260313.zip; https://storage.yandexcloud.net/tochno-st-catalog/Rosstat/data_regions_collection_102_v20260313/data_08_socio_economic_102_v20260313.zip,Y477110039; Y477110005,v20260313,computed from official source rows,Внутренние затраты на НИОКР / ВРП * 100. Для 2024 нужен официальный ВРП-2024.
rostov,Ростовская область,2021,emissions_per_gdp,0.09,derived_from_official,Росстат / tochno.st,https://storage.yandexcloud.net/tochno-st-catalog/Rosstat/data_regions_collection_102_v20260313/data_07_socio_economic_102_v20260313.zip; https://storage.yandexcloud.net/tochno-st-catalog/Rosstat/data_regions_collection_102_v20260313/data_08_socio_economic_102_v20260313.zip,Y477110053; Y477110005,v20260313,computed from official source rows,"Выбросы, тыс. тонн / ВРП, млрд руб. = тонн на 1 млн руб. ВРП. Для 2024 нужен официальный ВРП-2024."
rostov,Ростовская область,2022,unemployment_rate,3.5,official,Регионы России. Социально-экономические показатели 2024,https://storage.yandexcloud.net/tochno-st-catalog/Rosstat/data_regions_collection_102_v20260313/data_02_socio_economic_102_v20260313.zip,Y477110418,v20260313,official,"Уровень безработицы по данным выборочных обследований рабочей силы, %"
rostov,Ростовская область,2022,avg_salary,44.8,official,Регионы России. Социально-экономические показатели 2023,https://storage.yandexcloud.net/tochno-st-catalog/Rosstat/data_regions_collection_102_v20260313/data_03_socio_economic_102_v20260313.zip,Y477110378,v20260313,official / 1000,Среднемесячная номинальная начисленная зарплата работников организаций: руб. -> тыс. руб.
rostov,Ростовская область,2022,gdp_per_capita,554.7,official,Регионы России. Социально-экономические показатели 2025,https://storage.yandexcloud.net/tochno-st-catalog/Rosstat/data_regions_collection_102_v20260313/data_08_socio_economic_102_v20260313.zip,Y477110006,v20260313,official / 1000,ВРП на душу населения: руб. -> тыс. руб.; в текущей коллекции ряд доступен до 2023 года.
rostov,Ростовская область,2022,investment_per_capita,112.6,official,Регионы России. Социально-экономические показатели 2024,https://storage.yandexcloud.net/tochno-st-catalog/Rosstat/data_regions_collection_102_v20260313/data_10_socio_economic_102_v20260313.zip,Y477110108,v20260313,official / 1000,Инвестиции в основной капитал на душу населения: руб. -> тыс. руб.
rostov,Ростовская область,2022,poverty_rate,10.2,official,Регионы России. Социально-экономические показатели 2025,https://storage.yandexcloud.net/tochno-st-catalog/Rosstat/data_regions_collection_102_v20260313/data_03_socio_economic_102_v20260313.zip,Y477110463,v20260313,official,"Доля населения с денежными доходами ниже границы бедности / величины прожиточного минимума, %."
rostov,Ростовская область,2022,higher_education_share,3.1,official_proxy,Регионы России. Социально-экономические показатели 2023,https://storage.yandexcloud.net/tochno-st-catalog/Rosstat/data_regions_collection_102_v20260313/data_04_socio_economic_102_v20260313.zip,Y477110485,v20260313,official proxy / 100,Прокси: студенты программ бакалавриата/специалитета/магистратуры на 10000 человек населения / 100. Это не точный показатель 'доля занятого населения с высшим образованием'.
rostov,Ростовская область,2022,migration_growth,-1.0,official,Регионы России. Социально-экономические показатели 2023,https://storage.yandexcloud.net/tochno-st-catalog/Rosstat/data_regions_collection_102_v20260313/data_01_socio_economic_102_v20260313.zip,Y477110197,v20260313,official,Коэффициент миграционного прироста на 10000 человек населения; в текущей коллекции ряд доступен до 2023 года.
rostov,Ростовская область,2022,roads_per_area,270.4,official,Регионы России. Социально-экономические показатели 2024,https://storage.yandexcloud.net/tochno-st-catalog/Rosstat/data_regions_collection_102_v20260313/data_16_socio_economic_102_v20260313.zip,Y477110295,v20260313,official,"Плотность автомобильных дорог общего пользования с твердым покрытием, км дорог на 1000 км2 территории."
rostov,Ростовская область,2022,rd_spending_pct_gdp,0.6,derived_from_official,Росстат / tochno.st,https://storage.yandexcloud.net/tochno-st-catalog/Rosstat/data_regions_collection_102_v20260313/data_18_socio_economic_102_v20260313.zip; https://storage.yandexcloud.net/tochno-st-catalog/Rosstat/data_regions_collection_102_v20260313/data_08_socio_economic_102_v20260313.zip,Y477110039; Y477110005,v20260313,computed from official source rows,Внутренние затраты на НИОКР / ВРП * 100. Для 2024 нужен официальный ВРП-2024.
rostov,Ростовская область,2022,emissions_per_gdp,0.05,derived_from_official,Росстат / tochno.st,https://storage.yandexcloud.net/tochno-st-catalog/Rosstat/data_regions_collection_102_v20260313/data_07_socio_economic_102_v20260313.zip; https://storage.yandexcloud.net/tochno-st-catalog/Rosstat/data_regions_collection_102_v20260313/data_08_socio_economic_102_v20260313.zip,Y477110053; Y477110005,v20260313,computed from official source rows,"Выбросы, тыс. тонн / ВРП, млрд руб. = тонн на 1 млн руб. ВРП. Для 2024 нужен официальный ВРП-2024."
rostov,Ростовская область,2023,unemployment_rate,3.1,official,Регионы России. Социально-экономические показатели 2024,https://storage.yandexcloud.net/tochno-st-catalog/Rosstat/data_regions_collection_102_v20260313/data_02_socio_economic_102_v20260313.zip,Y477110418,v20260313,official,"Уровень безработицы по данным выборочных обследований рабочей силы, %"
rostov,Ростовская область,2023,avg_salary,52.1,official,Регионы России. Социально-экономические показатели 2024,https://storage.yandexcloud.net/tochno-st-catalog/Rosstat/data_regions_collection_102_v20260313/data_03_socio_economic_102_v20260313.zip,Y477110378,v20260313,official / 1000,Среднемесячная номинальная начисленная зарплата работников организаций: руб. -> тыс. руб.
rostov,Ростовская область,2023,gdp_per_capita,647.6,official,Регионы России. Социально-экономические показатели 2025,https://storage.yandexcloud.net/tochno-st-catalog/Rosstat/data_regions_collection_102_v20260313/data_08_socio_economic_102_v20260313.zip,Y477110006,v20260313,official / 1000,ВРП на душу населения: руб. -> тыс. руб.; в текущей коллекции ряд доступен до 2023 года.
rostov,Ростовская область,2023,investment_per_capita,155.3,official,Регионы России. Социально-экономические показатели 2025,https://storage.yandexcloud.net/tochno-st-catalog/Rosstat/data_regions_collection_102_v20260313/data_10_socio_economic_102_v20260313.zip,Y477110108,v20260313,official / 1000,Инвестиции в основной капитал на душу населения: руб. -> тыс. руб.
rostov,Ростовская область,2023,poverty_rate,9.6,official,Регионы России. Социально-экономические показатели 2024,https://storage.yandexcloud.net/tochno-st-catalog/Rosstat/data_regions_collection_102_v20260313/data_03_socio_economic_102_v20260313.zip,Y477110463,v20260313,official,"Доля населения с денежными доходами ниже границы бедности / величины прожиточного минимума, %."
rostov,Ростовская область,2023,higher_education_share,3.3,official_proxy,Регионы России. Социально-экономические показатели 2024,https://storage.yandexcloud.net/tochno-st-catalog/Rosstat/data_regions_collection_102_v20260313/data_04_socio_economic_102_v20260313.zip,Y477110485,v20260313,official proxy / 100,Прокси: студенты программ бакалавриата/специалитета/магистратуры на 10000 человек населения / 100. Это не точный показатель 'доля занятого населения с высшим образованием'.
rostov,Ростовская область,2023,migration_growth,24.0,official,Регионы России. Социально-экономические показатели 2024,https://storage.yandexcloud.net/tochno-st-catalog/Rosstat/data_regions_collection_102_v20260313/data_01_socio_economic_102_v20260313.zip,Y477110197,v20260313,official,Коэффициент миграционного прироста на 10000 человек населения; в текущей коллекции ряд доступен до 2023 года.
rostov,Ростовская область,2023,roads_per_area,272.8,official,Регионы России. Социально-экономические показатели 2024,https://storage.yandexcloud.net/tochno-st-catalog/Rosstat/data_regions_collection_102_v20260313/data_16_socio_economic_102_v20260313.zip,Y477110295,v20260313,official,"Плотность автомобильных дорог общего пользования с твердым покрытием, км дорог на 1000 км2 территории."
rostov,Ростовская область,2023,rd_spending_pct_gdp,0.67,derived_from_official,Росстат / tochno.st,https://storage.yandexcloud.net/tochno-st-catalog/Rosstat/data_regions_collection_102_v20260313/data_18_socio_economic_102_v20260313.zip; https://storage.yandexcloud.net/tochno-st-catalog/Rosstat/data_regions_collection_102_v20260313/data_08_socio_economic_102_v20260313.zip,Y477110039; Y477110005,v20260313,computed from official source rows,Внутренние затраты на НИОКР / ВРП * 100. Для 2024 нужен официальный ВРП-2024.
rostov,Ростовская область,2023,emissions_per_gdp,0.05,derived_from_official,Росстат / tochno.st,https://storage.yandexcloud.net/tochno-st-catalog/Rosstat/data_regions_collection_102_v20260313/data_07_socio_economic_102_v20260313.zip; https://storage.yandexcloud.net/tochno-st-catalog/Rosstat/data_regions_collection_102_v20260313/data_08_socio_economic_102_v20260313.zip,Y477110053; Y477110005,v20260313,computed from official source rows,"Выбросы, тыс. тонн / ВРП, млрд руб. = тонн на 1 млн руб. ВРП. Для 2024 нужен официальный ВРП-2024."
rostov,Ростовская область,2024,unemployment_rate,2.4,official,Регионы России. Социально-экономические показатели 2025,https://storage.yandexcloud.net/tochno-st-catalog/Rosstat/data_regions_collection_102_v20260313/data_02_socio_economic_102_v20260313.zip,Y477110418,v20260313,official,"Уровень безработицы по данным выборочных обследований рабочей силы, %"
rostov,Ростовская область,2024,avg_salary,62.5,official,Регионы России. Социально-экономические показатели 2025,https://storage.yandexcloud.net/tochno-st-catalog/Rosstat/data_regions_collection_102_v20260313/data_03_socio_economic_102_v20260313.zip,Y477110378,v20260313,official / 1000,Среднемесячная номинальная начисленная зарплата работников организаций: руб. -> тыс. руб.
rostov,Ростовская область,2024,gdp_per_capita,,missing,Росстат / tochno.st,https://storage.yandexcloud.net/tochno-st-catalog/Rosstat/data_regions_collection_102_v20260313/data_08_socio_economic_102_v20260313.zip,Y477110006,,official / 1000,ВРП на душу населения: руб. -> тыс. руб.; в текущей коллекции ряд доступен до 2023 года.
rostov,Ростовская область,2024,investment_per_capita,173.1,official,Регионы России. Социально-экономические показатели 2025,https://storage.yandexcloud.net/tochno-st-catalog/Rosstat/data_regions_collection_102_v20260313/data_10_socio_economic_102_v20260313.zip,Y477110108,v20260313,official / 1000,Инвестиции в основной капитал на душу населения: руб. -> тыс. руб.
rostov,Ростовская область,2024,poverty_rate,7.7,official,Регионы России. Социально-экономические показатели 2025,https://storage.yandexcloud.net/tochno-st-catalog/Rosstat/data_regions_collection_102_v20260313/data_03_socio_economic_102_v20260313.zip,Y477110463,v20260313,official,"Доля населения с денежными доходами ниже границы бедности / величины прожиточного минимума, %."
rostov,Ростовская область,2024,higher_education_share,3.3,official_proxy,Регионы России. Социально-экономические показатели 2025,https://storage.yandexcloud.net/tochno-st-catalog/Rosstat/data_regions_collection_102_v20260313/data_04_socio_economic_102_v20260313.zip,Y477110485,v20260313,official proxy / 100,Прокси: студенты программ бакалавриата/специалитета/магистратуры на 10000 человек населения / 100. Это не точный показатель 'доля занятого населения с высшим образованием'.
rostov,Ростовская область,2024,migration_growth,,missing,Росстат / tochno.st,https://storage.yandexcloud.net/tochno-st-catalog/Rosstat/data_regions_collection_102_v20260313/data_01_socio_economic_102_v20260313.zip,Y477110197,,official,Коэффициент миграционного прироста на 10000 человек населения; в текущей коллекции ряд доступен до 2023 года.
rostov,Ростовская область,2024,roads_per_area,275.7,official,Регионы России. Социально-экономические показатели 2025,https://storage.yandexcloud.net/tochno-st-catalog/Rosstat/data_regions_collection_102_v20260313/data_16_socio_economic_102_v20260313.zip,Y477110295,v20260313,official,"Плотность автомобильных дорог общего пользования с твердым покрытием, км дорог на 1000 км2 территории."
rostov,Ростовская область,2024,rd_spending_pct_gdp,,missing,Росстат / tochno.st,https://storage.yandexcloud.net/tochno-st-catalog/Rosstat/data_regions_collection_102_v20260313/data_18_socio_economic_102_v20260313.zip; https://storage.yandexcloud.net/tochno-st-catalog/Rosstat/data_regions_collection_102_v20260313/data_08_socio_economic_102_v20260313.zip,Y477110039; Y477110005,v20260313,computed from official source rows,Внутренние затраты на НИОКР / ВРП * 100. Для 2024 нужен официальный ВРП-2024.
rostov,Ростовская область,2024,emissions_per_gdp,,missing,Росстат / tochno.st,https://storage.yandexcloud.net/tochno-st-catalog/Rosstat/data_regions_collection_102_v20260313/data_07_socio_economic_102_v20260313.zip; https://storage.yandexcloud.net/tochno-st-catalog/Rosstat/data_regions_collection_102_v20260313/data_08_socio_economic_102_v20260313.zip,Y477110053; Y477110005,v20260313,computed from official source rows,"Выбросы, тыс. тонн / ВРП, млрд руб. = тонн на 1 млн руб. ВРП. Для 2024 нужен официальный ВРП-2024."
krasnodar,Краснодарский край,2020,unemployment_rate,5.7,official,Регионы России. Социально-экономические показатели 2024,https://storage.yandexcloud.net/tochno-st-catalog/Rosstat/data_regions_collection_102_v20260313/data_02_socio_economic_102_v20260313.zip,Y477110418,v20260313,official,"Уровень безработицы по данным выборочных обследований рабочей силы, %"
krasnodar,Краснодарский край,2020,avg_salary,38.5,official,Регионы России. Социально-экономические показатели 2023,https://storage.yandexcloud.net/tochno-st-catalog/Rosstat/data_regions_collection_102_v20260313/data_03_socio_economic_102_v20260313.zip,Y477110378,v20260313,official / 1000,Среднемесячная номинальная начисленная зарплата работников организаций: руб. -> тыс. руб.
krasnodar,Краснодарский край,2020,gdp_per_capita,459.5,official,Регионы России. Социально-экономические показатели 2024,https://storage.yandexcloud.net/tochno-st-catalog/Rosstat/data_regions_collection_102_v20260313/data_08_socio_economic_102_v20260313.zip,Y477110006,v20260313,official / 1000,ВРП на душу населения: руб. -> тыс. руб.; в текущей коллекции ряд доступен до 2023 года.
krasnodar,Краснодарский край,2020,investment_per_capita,89.3,official,Регионы России. Социально-экономические показатели 2024,https://storage.yandexcloud.net/tochno-st-catalog/Rosstat/data_regions_collection_102_v20260313/data_10_socio_economic_102_v20260313.zip,Y477110108,v20260313,official / 1000,Инвестиции в основной капитал на душу населения: руб. -> тыс. руб.
krasnodar,Краснодарский край,2020,poverty_rate,10.6,official,Регионы России. Социально-экономические показатели 2025,https://storage.yandexcloud.net/tochno-st-catalog/Rosstat/data_regions_collection_102_v20260313/data_03_socio_economic_102_v20260313.zip,Y477110463,v20260313,official,"Доля населения с денежными доходами ниже границы бедности / величины прожиточного минимума, %."
krasnodar,Краснодарский край,2020,higher_education_share,1.8,official_proxy,Регионы России. Социально-экономические показатели 2024,https://storage.yandexcloud.net/tochno-st-catalog/Rosstat/data_regions_collection_102_v20260313/data_04_socio_economic_102_v20260313.zip,Y477110485,v20260313,official proxy / 100,Прокси: студенты программ бакалавриата/специалитета/магистратуры на 10000 человек населения / 100. Это не точный показатель 'доля занятого населения с высшим образованием'.
krasnodar,Краснодарский край,2020,migration_growth,76.0,official,Регионы России. Социально-экономические показатели 2023,https://storage.yandexcloud.net/tochno-st-catalog/Rosstat/data_regions_collection_102_v20260313/data_01_socio_economic_102_v20260313.zip,Y477110197,v20260313,official,Коэффициент миграционного прироста на 10000 человек населения; в текущей коллекции ряд доступен до 2023 года.
krasnodar,Краснодарский край,2020,roads_per_area,486.2,official,Регионы России. Социально-экономические показатели 2024,https://storage.yandexcloud.net/tochno-st-catalog/Rosstat/data_regions_collection_102_v20260313/data_16_socio_economic_102_v20260313.zip,Y477110295,v20260313,official,"Плотность автомобильных дорог общего пользования с твердым покрытием, км дорог на 1000 км2 территории."
krasnodar,Краснодарский край,2020,rd_spending_pct_gdp,0.28,derived_from_official,Росстат / tochno.st,https://storage.yandexcloud.net/tochno-st-catalog/Rosstat/data_regions_collection_102_v20260313/data_18_socio_economic_102_v20260313.zip; https://storage.yandexcloud.net/tochno-st-catalog/Rosstat/data_regions_collection_102_v20260313/data_08_socio_economic_102_v20260313.zip,Y477110039; Y477110005,v20260313,computed from official source rows,Внутренние затраты на НИОКР / ВРП * 100. Для 2024 нужен официальный ВРП-2024.
krasnodar,Краснодарский край,2020,emissions_per_gdp,0.16,derived_from_official,Росстат / tochno.st,https://storage.yandexcloud.net/tochno-st-catalog/Rosstat/data_regions_collection_102_v20260313/data_07_socio_economic_102_v20260313.zip; https://storage.yandexcloud.net/tochno-st-catalog/Rosstat/data_regions_collection_102_v20260313/data_08_socio_economic_102_v20260313.zip,Y477110053; Y477110005,v20260313,computed from official source rows,"Выбросы, тыс. тонн / ВРП, млрд руб. = тонн на 1 млн руб. ВРП. Для 2024 нужен официальный ВРП-2024."
krasnodar,Краснодарский край,2021,unemployment_rate,5.0,official,Регионы России. Социально-экономические показатели 2023,https://storage.yandexcloud.net/tochno-st-catalog/Rosstat/data_regions_collection_102_v20260313/data_02_socio_economic_102_v20260313.zip,Y477110418,v20260313,official,"Уровень безработицы по данным выборочных обследований рабочей силы, %"
krasnodar,Краснодарский край,2021,avg_salary,43.5,official,Регионы России. Социально-экономические показатели 2023,https://storage.yandexcloud.net/tochno-st-catalog/Rosstat/data_regions_collection_102_v20260313/data_03_socio_economic_102_v20260313.zip,Y477110378,v20260313,official / 1000,Среднемесячная номинальная начисленная зарплата работников организаций: руб. -> тыс. руб.
krasnodar,Краснодарский край,2021,gdp_per_capita,563.4,official,Регионы России. Социально-экономические показатели 2024,https://storage.yandexcloud.net/tochno-st-catalog/Rosstat/data_regions_collection_102_v20260313/data_08_socio_economic_102_v20260313.zip,Y477110006,v20260313,official / 1000,ВРП на душу населения: руб. -> тыс. руб.; в текущей коллекции ряд доступен до 2023 года.
krasnodar,Краснодарский край,2021,investment_per_capita,95.9,official,Регионы России. Социально-экономические показатели 2024,https://storage.yandexcloud.net/tochno-st-catalog/Rosstat/data_regions_collection_102_v20260313/data_10_socio_economic_102_v20260313.zip,Y477110108,v20260313,official / 1000,Инвестиции в основной капитал на душу населения: руб. -> тыс. руб.
krasnodar,Краснодарский край,2021,poverty_rate,9.9,official,Регионы России. Социально-экономические показатели 2025,https://storage.yandexcloud.net/tochno-st-catalog/Rosstat/data_regions_collection_102_v20260313/data_03_socio_economic_102_v20260313.zip,Y477110463,v20260313,official,"Доля населения с денежными доходами ниже границы бедности / величины прожиточного минимума, %."
krasnodar,Краснодарский край,2021,higher_education_share,1.7,official_proxy,Регионы России. Социально-экономические показатели 2024,https://storage.yandexcloud.net/tochno-st-catalog/Rosstat/data_regions_collection_102_v20260313/data_04_socio_economic_102_v20260313.zip,Y477110485,v20260313,official proxy / 100,Прокси: студенты программ бакалавриата/специалитета/магистратуры на 10000 человек населения / 100. Это не точный показатель 'доля занятого населения с высшим образованием'.
krasnodar,Краснодарский край,2021,migration_growth,92.0,official,Регионы России. Социально-экономические показатели 2023,https://storage.yandexcloud.net/tochno-st-catalog/Rosstat/data_regions_collection_102_v20260313/data_01_socio_economic_102_v20260313.zip,Y477110197,v20260313,official,Коэффициент миграционного прироста на 10000 человек населения; в текущей коллекции ряд доступен до 2023 года.
krasnodar,Краснодарский край,2021,roads_per_area,485.1,official,Регионы России. Социально-экономические показатели 2024,https://storage.yandexcloud.net/tochno-st-catalog/Rosstat/data_regions_collection_102_v20260313/data_16_socio_economic_102_v20260313.zip,Y477110295,v20260313,official,"Плотность автомобильных дорог общего пользования с твердым покрытием, км дорог на 1000 км2 территории."
krasnodar,Краснодарский край,2021,rd_spending_pct_gdp,0.32,derived_from_official,Росстат / tochno.st,https://storage.yandexcloud.net/tochno-st-catalog/Rosstat/data_regions_collection_102_v20260313/data_18_socio_economic_102_v20260313.zip; https://storage.yandexcloud.net/tochno-st-catalog/Rosstat/data_regions_collection_102_v20260313/data_08_socio_economic_102_v20260313.zip,Y477110039; Y477110005,v20260313,computed from official source rows,Внутренние затраты на НИОКР / ВРП * 100. Для 2024 нужен официальный ВРП-2024.
krasnodar,Краснодарский край,2021,emissions_per_gdp,0.13,derived_from_official,Росстат / tochno.st,https://storage.yandexcloud.net/tochno-st-catalog/Rosstat/data_regions_collection_102_v20260313/data_07_socio_economic_102_v20260313.zip; https://storage.yandexcloud.net/tochno-st-catalog/Rosstat/data_regions_collection_102_v20260313/data_08_socio_economic_102_v20260313.zip,Y477110053; Y477110005,v20260313,computed from official source rows,"Выбросы, тыс. тонн / ВРП, млрд руб. = тонн на 1 млн руб. ВРП. Для 2024 нужен официальный ВРП-2024."
krasnodar,Краснодарский край,2022,unemployment_rate,3.5,official,Регионы России. Социально-экономические показатели 2023,https://storage.yandexcloud.net/tochno-st-catalog/Rosstat/data_regions_collection_102_v20260313/data_02_socio_economic_102_v20260313.zip,Y477110418,v20260313,official,"Уровень безработицы по данным выборочных обследований рабочей силы, %"
krasnodar,Краснодарский край,2022,avg_salary,50.3,official,Регионы России. Социально-экономические показатели 2023,https://storage.yandexcloud.net/tochno-st-catalog/Rosstat/data_regions_collection_102_v20260313/data_03_socio_economic_102_v20260313.zip,Y477110378,v20260313,official / 1000,Среднемесячная номинальная начисленная зарплата работников организаций: руб. -> тыс. руб.
krasnodar,Краснодарский край,2022,gdp_per_capita,736.2,official,Регионы России. Социально-экономические показатели 2025,https://storage.yandexcloud.net/tochno-st-catalog/Rosstat/data_regions_collection_102_v20260313/data_08_socio_economic_102_v20260313.zip,Y477110006,v20260313,official / 1000,ВРП на душу населения: руб. -> тыс. руб.; в текущей коллекции ряд доступен до 2023 года.
krasnodar,Краснодарский край,2022,investment_per_capita,129.3,official,Регионы России. Социально-экономические показатели 2024,https://storage.yandexcloud.net/tochno-st-catalog/Rosstat/data_regions_collection_102_v20260313/data_10_socio_economic_102_v20260313.zip,Y477110108,v20260313,official / 1000,Инвестиции в основной капитал на душу населения: руб. -> тыс. руб.
krasnodar,Краснодарский край,2022,poverty_rate,9.2,official,Регионы России. Социально-экономические показатели 2025,https://storage.yandexcloud.net/tochno-st-catalog/Rosstat/data_regions_collection_102_v20260313/data_03_socio_economic_102_v20260313.zip,Y477110463,v20260313,official,"Доля населения с денежными доходами ниже границы бедности / величины прожиточного минимума, %."
krasnodar,Краснодарский край,2022,higher_education_share,1.7,official_proxy,Регионы России. Социально-экономические показатели 2023,https://storage.yandexcloud.net/tochno-st-catalog/Rosstat/data_regions_collection_102_v20260313/data_04_socio_economic_102_v20260313.zip,Y477110485,v20260313,official proxy / 100,Прокси: студенты программ бакалавриата/специалитета/магистратуры на 10000 человек населения / 100. Это не точный показатель 'доля занятого населения с высшим образованием'.
krasnodar,Краснодарский край,2022,migration_growth,20.0,official,Регионы России. Социально-экономические показатели 2023,https://storage.yandexcloud.net/tochno-st-catalog/Rosstat/data_regions_collection_102_v20260313/data_01_socio_economic_102_v20260313.zip,Y477110197,v20260313,official,Коэффициент миграционного прироста на 10000 человек населения; в текущей коллекции ряд доступен до 2023 года.
krasnodar,Краснодарский край,2022,roads_per_area,477.7,official,Регионы России. Социально-экономические показатели 2024,https://storage.yandexcloud.net/tochno-st-catalog/Rosstat/data_regions_collection_102_v20260313/data_16_socio_economic_102_v20260313.zip,Y477110295,v20260313,official,"Плотность автомобильных дорог общего пользования с твердым покрытием, км дорог на 1000 км2 территории."
krasnodar,Краснодарский край,2022,rd_spending_pct_gdp,0.21,derived_from_official,Росстат / tochno.st,https://storage.yandexcloud.net/tochno-st-catalog/Rosstat/data_regions_collection_102_v20260313/data_18_socio_economic_102_v20260313.zip; https://storage.yandexcloud.net/tochno-st-catalog/Rosstat/data_regions_collection_102_v20260313/data_08_socio_economic_102_v20260313.zip,Y477110039; Y477110005,v20260313,computed from official source rows,Внутренние затраты на НИОКР / ВРП * 100. Для 2024 нужен официальный ВРП-2024.
krasnodar,Краснодарский край,2022,emissions_per_gdp,0.08,derived_from_official,Росстат / tochno.st,https://storage.yandexcloud.net/tochno-st-catalog/Rosstat/data_regions_collection_102_v20260313/data_07_socio_economic_102_v20260313.zip; https://storage.yandexcloud.net/tochno-st-catalog/Rosstat/data_regions_collection_102_v20260313/data_08_socio_economic_102_v20260313.zip,Y477110053; Y477110005,v20260313,computed from official source rows,"Выбросы, тыс. тонн / ВРП, млрд руб. = тонн на 1 млн руб. ВРП. Для 2024 нужен официальный ВРП-2024."
krasnodar,Краснодарский край,2023,unemployment_rate,2.0,official,Регионы России. Социально-экономические показатели 2024,https://storage.yandexcloud.net/tochno-st-catalog/Rosstat/data_regions_collection_102_v20260313/data_02_socio_economic_102_v20260313.zip,Y477110418,v20260313,official,"Уровень безработицы по данным выборочных обследований рабочей силы, %"
krasnodar,Краснодарский край,2023,avg_salary,58.3,official,Регионы России. Социально-экономические показатели 2024,https://storage.yandexcloud.net/tochno-st-catalog/Rosstat/data_regions_collection_102_v20260313/data_03_socio_economic_102_v20260313.zip,Y477110378,v20260313,official / 1000,Среднемесячная номинальная начисленная зарплата работников организаций: руб. -> тыс. руб.
krasnodar,Краснодарский край,2023,gdp_per_capita,819.1,official,Регионы России. Социально-экономические показатели 2025,https://storage.yandexcloud.net/tochno-st-catalog/Rosstat/data_regions_collection_102_v20260313/data_08_socio_economic_102_v20260313.zip,Y477110006,v20260313,official / 1000,ВРП на душу населения: руб. -> тыс. руб.; в текущей коллекции ряд доступен до 2023 года.
krasnodar,Краснодарский край,2023,investment_per_capita,149.3,official,Регионы России. Социально-экономические показатели 2025,https://storage.yandexcloud.net/tochno-st-catalog/Rosstat/data_regions_collection_102_v20260313/data_10_socio_economic_102_v20260313.zip,Y477110108,v20260313,official / 1000,Инвестиции в основной капитал на душу населения: руб. -> тыс. руб.
krasnodar,Краснодарский край,2023,poverty_rate,8.7,official,Регионы России. Социально-экономические показатели 2024,https://storage.yandexcloud.net/tochno-st-catalog/Rosstat/data_regions_collection_102_v20260313/data_03_socio_economic_102_v20260313.zip,Y477110463,v20260313,official,"Доля населения с денежными доходами ниже границы бедности / величины прожиточного минимума, %."
krasnodar,Краснодарский край,2023,higher_education_share,1.8,official_proxy,Регионы России. Социально-экономические показатели 2024,https://storage.yandexcloud.net/tochno-st-catalog/Rosstat/data_regions_collection_102_v20260313/data_04_socio_economic_102_v20260313.zip,Y477110485,v20260313,official proxy / 100,Прокси: студенты программ бакалавриата/специалитета/магистратуры на 10000 человек населения / 100. Это не точный показатель 'доля занятого населения с высшим образованием'.
krasnodar,Краснодарский край,2023,migration_growth,56.0,official,Регионы России. Социально-экономические показатели 2024,https://storage.yandexcloud.net/tochno-st-catalog/Rosstat/data_regions_collection_102_v20260313/data_01_socio_economic_102_v20260313.zip,Y477110197,v20260313,official,Коэффициент миграционного прироста на 10000 человек населения; в текущей коллекции ряд доступен до 2023 года.
krasnodar,Краснодарский край,2023,roads_per_area,481.0,official,Регионы России. Социально-экономические показатели 2024,https://storage.yandexcloud.net/tochno-st-catalog/Rosstat/data_regions_collection_102_v20260313/data_16_socio_economic_102_v20260313.zip,Y477110295,v20260313,official,"Плотность автомобильных дорог общего пользования с твердым покрытием, км дорог на 1000 км2 территории."
krasnodar,Краснодарский край,2023,rd_spending_pct_gdp,0.19,derived_from_official,Росстат / tochno.st,https://storage.yandexcloud.net/tochno-st-catalog/Rosstat/data_regions_collection_102_v20260313/data_18_socio_economic_102_v20260313.zip; https://storage.yandexcloud.net/tochno-st-catalog/Rosstat/data_regions_collection_102_v20260313/data_08_socio_economic_102_v20260313.zip,Y477110039; Y477110005,v20260313,computed from official source rows,Внутренние затраты на НИОКР / ВРП * 100. Для 2024 нужен официальный ВРП-2024.
krasnodar,Краснодарский край,2023,emissions_per_gdp,0.08,derived_from_official,Росстат / tochno.st,https://storage.yandexcloud.net/tochno-st-catalog/Rosstat/data_regions_collection_102_v20260313/data_07_socio_economic_102_v20260313.zip; https://storage.yandexcloud.net/tochno-st-catalog/Rosstat/data_regions_collection_102_v20260313/data_08_socio_economic_102_v20260313.zip,Y477110053; Y477110005,v20260313,computed from official source rows,"Выбросы, тыс. тонн / ВРП, млрд руб. = тонн на 1 млн руб. ВРП. Для 2024 нужен официальный ВРП-2024."
krasnodar,Краснодарский край,2024,unemployment_rate,2.0,official,Регионы России. Социально-экономические показатели 2025,https://storage.yandexcloud.net/tochno-st-catalog/Rosstat/data_regions_collection_102_v20260313/data_02_socio_economic_102_v20260313.zip,Y477110418,v20260313,official,"Уровень безработицы по данным выборочных обследований рабочей силы, %"
krasnodar,Краснодарский край,2024,avg_salary,70.4,official,Регионы России. Социально-экономические показатели 2025,https://storage.yandexcloud.net/tochno-st-catalog/Rosstat/data_regions_collection_102_v20260313/data_03_socio_economic_102_v20260313.zip,Y477110378,v20260313,official / 1000,Среднемесячная номинальная начисленная зарплата работников организаций: руб. -> тыс. руб.
krasnodar,Краснодарский край,2024,gdp_per_capita,,missing,Росстат / tochno.st,https://storage.yandexcloud.net/tochno-st-catalog/Rosstat/data_regions_collection_102_v20260313/data_08_socio_economic_102_v20260313.zip,Y477110006,,official / 1000,ВРП на душу населения: руб. -> тыс. руб.; в текущей коллекции ряд доступен до 2023 года.
krasnodar,Краснодарский край,2024,investment_per_capita,191.8,official,Регионы России. Социально-экономические показатели 2025,https://storage.yandexcloud.net/tochno-st-catalog/Rosstat/data_regions_collection_102_v20260313/data_10_socio_economic_102_v20260313.zip,Y477110108,v20260313,official / 1000,Инвестиции в основной капитал на душу населения: руб. -> тыс. руб.
krasnodar,Краснодарский край,2024,poverty_rate,7.0,official,Регионы России. Социально-экономические показатели 2025,https://storage.yandexcloud.net/tochno-st-catalog/Rosstat/data_regions_collection_102_v20260313/data_03_socio_economic_102_v20260313.zip,Y477110463,v20260313,official,"Доля населения с денежными доходами ниже границы бедности / величины прожиточного минимума, %."
krasnodar,Краснодарский край,2024,higher_education_share,1.8,official_proxy,Регионы России. Социально-экономические показатели 2025,https://storage.yandexcloud.net/tochno-st-catalog/Rosstat/data_regions_collection_102_v20260313/data_04_socio_economic_102_v20260313.zip,Y477110485,v20260313,official proxy / 100,Прокси: студенты программ бакалавриата/специалитета/магистратуры на 10000 человек населения / 100. Это не точный показатель 'доля занятого населения с высшим образованием'.
krasnodar,Краснодарский край,2024,migration_growth,,missing,Росстат / tochno.st,https://storage.yandexcloud.net/tochno-st-catalog/Rosstat/data_regions_collection_102_v20260313/data_01_socio_economic_102_v20260313.zip,Y477110197,,official,Коэффициент миграционного прироста на 10000 человек населения; в текущей коллекции ряд доступен до 2023 года.
krasnodar,Краснодарский край,2024,roads_per_area,489.3,official,Регионы России. Социально-экономические показатели 2025,https://storage.yandexcloud.net/tochno-st-catalog/Rosstat/data_regions_collection_102_v20260313/data_16_socio_economic_102_v20260313.zip,Y477110295,v20260313,official,"Плотность автомобильных дорог общего пользования с твердым покрытием, км дорог на 1000 км2 территории."
krasnodar,Краснодарский край,2024,rd_spending_pct_gdp,,missing,Росстат / tochno.st,https://storage.yandexcloud.net/tochno-st-catalog/Rosstat/data_regions_collection_102_v20260313/data_18_socio_economic_102_v20260313.zip; https://storage.yandexcloud.net/tochno-st-catalog/Rosstat/data_regions_collection_102_v20260313/data_08_socio_economic_102_v20260313.zip,Y477110039; Y477110005,v20260313,computed from official source rows,Внутренние затраты на НИОКР / ВРП * 100. Для 2024 нужен официальный ВРП-2024.
krasnodar,Краснодарский край,2024,emissions_per_gdp,,missing,Росстат / tochno.st,https://storage.yandexcloud.net/tochno-st-catalog/Rosstat/data_regions_collection_102_v20260313/data_07_socio_economic_102_v20260313.zip; https://storage.yandexcloud.net/tochno-st-catalog/Rosstat/data_regions_collection_102_v20260313/data_08_socio_economic_102_v20260313.zip,Y477110053; Y477110005,v20260313,computed from official source rows,"Выбросы, тыс. тонн / ВРП, млрд руб. = тонн на 1 млн руб. ВРП. Для 2024 нужен официальный ВРП-2024."
volgograd,Волгоградская область,2020,unemployment_rate,7.6,official,Регионы России. Социально-экономические показатели 2024,https://storage.yandexcloud.net/tochno-st-catalog/Rosstat/data_regions_collection_102_v20260313/data_02_socio_economic_102_v20260313.zip,Y477110418,v20260313,official,"Уровень безработицы по данным выборочных обследований рабочей силы, %"
volgograd,Волгоградская область,2020,avg_salary,36.0,official,Регионы России. Социально-экономические показатели 2023,https://storage.yandexcloud.net/tochno-st-catalog/Rosstat/data_regions_collection_102_v20260313/data_03_socio_economic_102_v20260313.zip,Y477110378,v20260313,official / 1000,Среднемесячная номинальная начисленная зарплата работников организаций: руб. -> тыс. руб.
volgograd,Волгоградская область,2020,gdp_per_capita,388.0,official,Регионы России. Социально-экономические показатели 2024,https://storage.yandexcloud.net/tochno-st-catalog/Rosstat/data_regions_collection_102_v20260313/data_08_socio_economic_102_v20260313.zip,Y477110006,v20260313,official / 1000,ВРП на душу населения: руб. -> тыс. руб.; в текущей коллекции ряд доступен до 2023 года.
volgograd,Волгоградская область,2020,investment_per_capita,72.6,official,Регионы России. Социально-экономические показатели 2024,https://storage.yandexcloud.net/tochno-st-catalog/Rosstat/data_regions_collection_102_v20260313/data_10_socio_economic_102_v20260313.zip,Y477110108,v20260313,official / 1000,Инвестиции в основной капитал на душу населения: руб. -> тыс. руб.
volgograd,Волгоградская область,2020,poverty_rate,12.1,official,Регионы России. Социально-экономические показатели 2025,https://storage.yandexcloud.net/tochno-st-catalog/Rosstat/data_regions_collection_102_v20260313/data_03_socio_economic_102_v20260313.zip,Y477110463,v20260313,official,"Доля населения с денежными доходами ниже границы бедности / величины прожиточного минимума, %."
volgograd,Волгоградская область,2020,higher_education_share,2.3,official_proxy,Регионы России. Социально-экономические показатели 2024,https://storage.yandexcloud.net/tochno-st-catalog/Rosstat/data_regions_collection_102_v20260313/data_04_socio_economic_102_v20260313.zip,Y477110485,v20260313,official proxy / 100,Прокси: студенты программ бакалавриата/специалитета/магистратуры на 10000 человек населения / 100. Это не точный показатель 'доля занятого населения с высшим образованием'.
volgograd,Волгоградская область,2020,migration_growth,29.0,official,Регионы России. Социально-экономические показатели 2023,https://storage.yandexcloud.net/tochno-st-catalog/Rosstat/data_regions_collection_102_v20260313/data_01_socio_economic_102_v20260313.zip,Y477110197,v20260313,official,Коэффициент миграционного прироста на 10000 человек населения; в текущей коллекции ряд доступен до 2023 года.
volgograd,Волгоградская область,2020,roads_per_area,147.5,official,Регионы России. Социально-экономические показатели 2024,https://storage.yandexcloud.net/tochno-st-catalog/Rosstat/data_regions_collection_102_v20260313/data_16_socio_economic_102_v20260313.zip,Y477110295,v20260313,official,"Плотность автомобильных дорог общего пользования с твердым покрытием, км дорог на 1000 км2 территории."
volgograd,Волгоградская область,2020,rd_spending_pct_gdp,0.4,derived_from_official,Росстат / tochno.st,https://storage.yandexcloud.net/tochno-st-catalog/Rosstat/data_regions_collection_102_v20260313/data_18_socio_economic_102_v20260313.zip; https://storage.yandexcloud.net/tochno-st-catalog/Rosstat/data_regions_collection_102_v20260313/data_08_socio_economic_102_v20260313.zip,Y477110039; Y477110005,v20260313,computed from official source rows,Внутренние затраты на НИОКР / ВРП * 100. Для 2024 нужен официальный ВРП-2024.
volgograd,Волгоградская область,2020,emissions_per_gdp,0.18,derived_from_official,Росстат / tochno.st,https://storage.yandexcloud.net/tochno-st-catalog/Rosstat/data_regions_collection_102_v20260313/data_07_socio_economic_102_v20260313.zip; https://storage.yandexcloud.net/tochno-st-catalog/Rosstat/data_regions_collection_102_v20260313/data_08_socio_economic_102_v20260313.zip,Y477110053; Y477110005,v20260313,computed from official source rows,"Выбросы, тыс. тонн / ВРП, млрд руб. = тонн на 1 млн руб. ВРП. Для 2024 нужен официальный ВРП-2024."
volgograd,Волгоградская область,2021,unemployment_rate,4.9,official,Регионы России. Социально-экономические показатели 2023,https://storage.yandexcloud.net/tochno-st-catalog/Rosstat/data_regions_collection_102_v20260313/data_02_socio_economic_102_v20260313.zip,Y477110418,v20260313,official,"Уровень безработицы по данным выборочных обследований рабочей силы, %"
volgograd,Волгоградская область,2021,avg_salary,39.0,official,Регионы России. Социально-экономические показатели 2023,https://storage.yandexcloud.net/tochno-st-catalog/Rosstat/data_regions_collection_102_v20260313/data_03_socio_economic_102_v20260313.zip,Y477110378,v20260313,official / 1000,Среднемесячная номинальная начисленная зарплата работников организаций: руб. -> тыс. руб.
volgograd,Волгоградская область,2021,gdp_per_capita,426.4,official,Регионы России. Социально-экономические показатели 2024,https://storage.yandexcloud.net/tochno-st-catalog/Rosstat/data_regions_collection_102_v20260313/data_08_socio_economic_102_v20260313.zip,Y477110006,v20260313,official / 1000,ВРП на душу населения: руб. -> тыс. руб.; в текущей коллекции ряд доступен до 2023 года.
volgograd,Волгоградская область,2021,investment_per_capita,74.4,official,Регионы России. Социально-экономические показатели 2024,https://storage.yandexcloud.net/tochno-st-catalog/Rosstat/data_regions_collection_102_v20260313/data_10_socio_economic_102_v20260313.zip,Y477110108,v20260313,official / 1000,Инвестиции в основной капитал на душу населения: руб. -> тыс. руб.
volgograd,Волгоградская область,2021,poverty_rate,11.5,official,Регионы России. Социально-экономические показатели 2025,https://storage.yandexcloud.net/tochno-st-catalog/Rosstat/data_regions_collection_102_v20260313/data_03_socio_economic_102_v20260313.zip,Y477110463,v20260313,official,"Доля населения с денежными доходами ниже границы бедности / величины прожиточного минимума, %."
volgograd,Волгоградская область,2021,higher_education_share,2.3,official_proxy,Регионы России. Социально-экономические показатели 2024,https://storage.yandexcloud.net/tochno-st-catalog/Rosstat/data_regions_collection_102_v20260313/data_04_socio_economic_102_v20260313.zip,Y477110485,v20260313,official proxy / 100,Прокси: студенты программ бакалавриата/специалитета/магистратуры на 10000 человек населения / 100. Это не точный показатель 'доля занятого населения с высшим образованием'.
volgograd,Волгоградская область,2021,migration_growth,25.0,official,Регионы России. Социально-экономические показатели 2023,https://storage.yandexcloud.net/tochno-st-catalog/Rosstat/data_regions_collection_102_v20260313/data_01_socio_economic_102_v20260313.zip,Y477110197,v20260313,official,Коэффициент миграционного прироста на 10000 человек населения; в текущей коллекции ряд доступен до 2023 года.
volgograd,Волгоградская область,2021,roads_per_area,150.9,official,Регионы России. Социально-экономические показатели 2024,https://storage.yandexcloud.net/tochno-st-catalog/Rosstat/data_regions_collection_102_v20260313/data_16_socio_economic_102_v20260313.zip,Y477110295,v20260313,official,"Плотность автомобильных дорог общего пользования с твердым покрытием, км дорог на 1000 км2 территории."
volgograd,Волгоградская область,2021,rd_spending_pct_gdp,0.45,derived_from_official,Росстат / tochno.st,https://storage.yandexcloud.net/tochno-st-catalog/Rosstat/data_regions_collection_102_v20260313/data_18_socio_economic_102_v20260313.zip; https://storage.yandexcloud.net/tochno-st-catalog/Rosstat/data_regions_collection_102_v20260313/data_08_socio_economic_102_v20260313.zip,Y477110039; Y477110005,v20260313,computed from official source rows,Внутренние затраты на НИОКР / ВРП * 100. Для 2024 нужен официальный ВРП-2024.
volgograd,Волгоградская область,2021,emissions_per_gdp,0.21,derived_from_official,Росстат / tochno.st,https://storage.yandexcloud.net/tochno-st-catalog/Rosstat/data_regions_collection_102_v20260313/data_07_socio_economic_102_v20260313.zip; https://storage.yandexcloud.net/tochno-st-catalog/Rosstat/data_regions_collection_102_v20260313/data_08_socio_economic_102_v20260313.zip,Y477110053; Y477110005,v20260313,computed from official source rows,"Выбросы, тыс. тонн / ВРП, млрд руб. = тонн на 1 млн руб. ВРП. Для 2024 нужен официальный ВРП-2024."
volgograd,Волгоградская область,2022,unemployment_rate,3.5,official,Регионы России. Социально-экономические показатели 2024,https://storage.yandexcloud.net/tochno-st-catalog/Rosstat/data_regions_collection_102_v20260313/data_02_socio_economic_102_v20260313.zip,Y477110418,v20260313,official,"Уровень безработицы по данным выборочных обследований рабочей силы, %"
volgograd,Волгоградская область,2022,avg_salary,44.2,official,Регионы России. Социально-экономические показатели 2023,https://storage.yandexcloud.net/tochno-st-catalog/Rosstat/data_regions_collection_102_v20260313/data_03_socio_economic_102_v20260313.zip,Y477110378,v20260313,official / 1000,Среднемесячная номинальная начисленная зарплата работников организаций: руб. -> тыс. руб.
volgograd,Волгоградская область,2022,gdp_per_capita,486.9,official,Регионы России. Социально-экономические показатели 2025,https://storage.yandexcloud.net/tochno-st-catalog/Rosstat/data_regions_collection_102_v20260313/data_08_socio_economic_102_v20260313.zip,Y477110006,v20260313,official / 1000,ВРП на душу населения: руб. -> тыс. руб.; в текущей коллекции ряд доступен до 2023 года.
volgograd,Волгоградская область,2022,investment_per_capita,88.6,official,Регионы России. Социально-экономические показатели 2024,https://storage.yandexcloud.net/tochno-st-catalog/Rosstat/data_regions_collection_102_v20260313/data_10_socio_economic_102_v20260313.zip,Y477110108,v20260313,official / 1000,Инвестиции в основной капитал на душу населения: руб. -> тыс. руб.
volgograd,Волгоградская область,2022,poverty_rate,9.4,official,Регионы России. Социально-экономические показатели 2025,https://storage.yandexcloud.net/tochno-st-catalog/Rosstat/data_regions_collection_102_v20260313/data_03_socio_economic_102_v20260313.zip,Y477110463,v20260313,official,"Доля населения с денежными доходами ниже границы бедности / величины прожиточного минимума, %."
volgograd,Волгоградская область,2022,higher_education_share,2.3,official_proxy,Регионы России. Социально-экономические показатели 2023,https://storage.yandexcloud.net/tochno-st-catalog/Rosstat/data_regions_collection_102_v20260313/data_04_socio_economic_102_v20260313.zip,Y477110485,v20260313,official proxy / 100,Прокси: студенты программ бакалавриата/специалитета/магистратуры на 10000 человек населения / 100. Это не точный показатель 'доля занятого населения с высшим образованием'.
volgograd,Волгоградская область,2022,migration_growth,-25.0,official,Регионы России. Социально-экономические показатели 2023,https://storage.yandexcloud.net/tochno-st-catalog/Rosstat/data_regions_collection_102_v20260313/data_01_socio_economic_102_v20260313.zip,Y477110197,v20260313,official,Коэффициент миграционного прироста на 10000 человек населения; в текущей коллекции ряд доступен до 2023 года.
volgograd,Волгоградская область,2022,roads_per_area,152.5,official,Регионы России. Социально-экономические показатели 2024,https://storage.yandexcloud.net/tochno-st-catalog/Rosstat/data_regions_collection_102_v20260313/data_16_socio_economic_102_v20260313.zip,Y477110295,v20260313,official,"Плотность автомобильных дорог общего пользования с твердым покрытием, км дорог на 1000 км2 территории."
volgograd,Волгоградская область,2022,rd_spending_pct_gdp,0.45,derived_from_official,Росстат / tochno.st,https://storage.yandexcloud.net/tochno-st-catalog/Rosstat/data_regions_collection_102_v20260313/data_18_socio_economic_102_v20260313.zip; https://storage.yandexcloud.net/tochno-st-catalog/Rosstat/data_regions_collection_102_v20260313/data_08_socio_economic_102_v20260313.zip,Y477110039; Y477110005,v20260313,computed from official source rows,Внутренние затраты на НИОКР / ВРП * 100. Для 2024 нужен официальный ВРП-2024.
volgograd,Волгоградская область,2022,emissions_per_gdp,0.18,derived_from_official,Росстат / tochno.st,https://storage.yandexcloud.net/tochno-st-catalog/Rosstat/data_regions_collection_102_v20260313/data_07_socio_economic_102_v20260313.zip; https://storage.yandexcloud.net/tochno-st-catalog/Rosstat/data_regions_collection_102_v20260313/data_08_socio_economic_102_v20260313.zip,Y477110053; Y477110005,v20260313,computed from official source rows,"Выбросы, тыс. тонн / ВРП, млрд руб. = тонн на 1 млн руб. ВРП. Для 2024 нужен официальный ВРП-2024."
volgograd,Волгоградская область,2023,unemployment_rate,2.9,official,Регионы России. Социально-экономические показатели 2024,https://storage.yandexcloud.net/tochno-st-catalog/Rosstat/data_regions_collection_102_v20260313/data_02_socio_economic_102_v20260313.zip,Y477110418,v20260313,official,"Уровень безработицы по данным выборочных обследований рабочей силы, %"
volgograd,Волгоградская область,2023,avg_salary,51.8,official,Регионы России. Социально-экономические показатели 2024,https://storage.yandexcloud.net/tochno-st-catalog/Rosstat/data_regions_collection_102_v20260313/data_03_socio_economic_102_v20260313.zip,Y477110378,v20260313,official / 1000,Среднемесячная номинальная начисленная зарплата работников организаций: руб. -> тыс. руб.
volgograd,Волгоградская область,2023,gdp_per_capita,562.5,official,Регионы России. Социально-экономические показатели 2025,https://storage.yandexcloud.net/tochno-st-catalog/Rosstat/data_regions_collection_102_v20260313/data_08_socio_economic_102_v20260313.zip,Y477110006,v20260313,official / 1000,ВРП на душу населения: руб. -> тыс. руб.; в текущей коллекции ряд доступен до 2023 года.
volgograd,Волгоградская область,2023,investment_per_capita,118.4,official,Регионы России. Социально-экономические показатели 2024,https://storage.yandexcloud.net/tochno-st-catalog/Rosstat/data_regions_collection_102_v20260313/data_10_socio_economic_102_v20260313.zip,Y477110108,v20260313,official / 1000,Инвестиции в основной капитал на душу населения: руб. -> тыс. руб.
volgograd,Волгоградская область,2023,poverty_rate,9.1,official,Регионы России. Социально-экономические показатели 2024,https://storage.yandexcloud.net/tochno-st-catalog/Rosstat/data_regions_collection_102_v20260313/data_03_socio_economic_102_v20260313.zip,Y477110463,v20260313,official,"Доля населения с денежными доходами ниже границы бедности / величины прожиточного минимума, %."
volgograd,Волгоградская область,2023,higher_education_share,2.4,official_proxy,Регионы России. Социально-экономические показатели 2024,https://storage.yandexcloud.net/tochno-st-catalog/Rosstat/data_regions_collection_102_v20260313/data_04_socio_economic_102_v20260313.zip,Y477110485,v20260313,official proxy / 100,Прокси: студенты программ бакалавриата/специалитета/магистратуры на 10000 человек населения / 100. Это не точный показатель 'доля занятого населения с высшим образованием'.
volgograd,Волгоградская область,2023,migration_growth,-5.0,official,Регионы России. Социально-экономические показатели 2024,https://storage.yandexcloud.net/tochno-st-catalog/Rosstat/data_regions_collection_102_v20260313/data_01_socio_economic_102_v20260313.zip,Y477110197,v20260313,official,Коэффициент миграционного прироста на 10000 человек населения; в текущей коллекции ряд доступен до 2023 года.
volgograd,Волгоградская область,2023,roads_per_area,153.4,official,Регионы России. Социально-экономические показатели 2024,https://storage.yandexcloud.net/tochno-st-catalog/Rosstat/data_regions_collection_102_v20260313/data_16_socio_economic_102_v20260313.zip,Y477110295,v20260313,official,"Плотность автомобильных дорог общего пользования с твердым покрытием, км дорог на 1000 км2 территории."
volgograd,Волгоградская область,2023,rd_spending_pct_gdp,0.48,derived_from_official,Росстат / tochno.st,https://storage.yandexcloud.net/tochno-st-catalog/Rosstat/data_regions_collection_102_v20260313/data_18_socio_economic_102_v20260313.zip; https://storage.yandexcloud.net/tochno-st-catalog/Rosstat/data_regions_collection_102_v20260313/data_08_socio_economic_102_v20260313.zip,Y477110039; Y477110005,v20260313,computed from official source rows,Внутренние затраты на НИОКР / ВРП * 100. Для 2024 нужен официальный ВРП-2024.
volgograd,Волгоградская область,2023,emissions_per_gdp,0.12,derived_from_official,Росстат / tochno.st,https://storage.yandexcloud.net/tochno-st-catalog/Rosstat/data_regions_collection_102_v20260313/data_07_socio_economic_102_v20260313.zip; https://storage.yandexcloud.net/tochno-st-catalog/Rosstat/data_regions_collection_102_v20260313/data_08_socio_economic_102_v20260313.zip,Y477110053; Y477110005,v20260313,computed from official source rows,"Выбросы, тыс. тонн / ВРП, млрд руб. = тонн на 1 млн руб. ВРП. Для 2024 нужен официальный ВРП-2024."
volgograd,Волгоградская область,2024,unemployment_rate,2.4,official,Регионы России. Социально-экономические показатели 2025,https://storage.yandexcloud.net/tochno-st-catalog/Rosstat/data_regions_collection_102_v20260313/data_02_socio_economic_102_v20260313.zip,Y477110418,v20260313,official,"Уровень безработицы по данным выборочных обследований рабочей силы, %"
volgograd,Волгоградская область,2024,avg_salary,61.3,official,Регионы России. Социально-экономические показатели 2025,https://storage.yandexcloud.net/tochno-st-catalog/Rosstat/data_regions_collection_102_v20260313/data_03_socio_economic_102_v20260313.zip,Y477110378,v20260313,official / 1000,Среднемесячная номинальная начисленная зарплата работников организаций: руб. -> тыс. руб.
volgograd,Волгоградская область,2024,gdp_per_capita,,missing,Росстат / tochno.st,https://storage.yandexcloud.net/tochno-st-catalog/Rosstat/data_regions_collection_102_v20260313/data_08_socio_economic_102_v20260313.zip,Y477110006,,official / 1000,ВРП на душу населения: руб. -> тыс. руб.; в текущей коллекции ряд доступен до 2023 года.
volgograd,Волгоградская область,2024,investment_per_capita,149.2,official,Регионы России. Социально-экономические показатели 2025,https://storage.yandexcloud.net/tochno-st-catalog/Rosstat/data_regions_collection_102_v20260313/data_10_socio_economic_102_v20260313.zip,Y477110108,v20260313,official / 1000,Инвестиции в основной капитал на душу населения: руб. -> тыс. руб.
volgograd,Волгоградская область,2024,poverty_rate,7.5,official,Регионы России. Социально-экономические показатели 2025,https://storage.yandexcloud.net/tochno-st-catalog/Rosstat/data_regions_collection_102_v20260313/data_03_socio_economic_102_v20260313.zip,Y477110463,v20260313,official,"Доля населения с денежными доходами ниже границы бедности / величины прожиточного минимума, %."
volgograd,Волгоградская область,2024,higher_education_share,2.5,official_proxy,Регионы России. Социально-экономические показатели 2025,https://storage.yandexcloud.net/tochno-st-catalog/Rosstat/data_regions_collection_102_v20260313/data_04_socio_economic_102_v20260313.zip,Y477110485,v20260313,official proxy / 100,Прокси: студенты программ бакалавриата/специалитета/магистратуры на 10000 человек населения / 100. Это не точный показатель 'доля занятого населения с высшим образованием'.
volgograd,Волгоградская область,2024,migration_growth,,missing,Росстат / tochno.st,https://storage.yandexcloud.net/tochno-st-catalog/Rosstat/data_regions_collection_102_v20260313/data_01_socio_economic_102_v20260313.zip,Y477110197,,official,Коэффициент миграционного прироста на 10000 человек населения; в текущей коллекции ряд доступен до 2023 года.
volgograd,Волгоградская область,2024,roads_per_area,155.4,official,Регионы России. Социально-экономические показатели 2025,https://storage.yandexcloud.net/tochno-st-catalog/Rosstat/data_regions_collection_102_v20260313/data_16_socio_economic_102_v20260313.zip,Y477110295,v20260313,official,"Плотность автомобильных дорог общего пользования с твердым покрытием, км дорог на 1000 км2 территории."
volgograd,Волгоградская область,2024,rd_spending_pct_gdp,,missing,Росстат / tochno.st,https://storage.yandexcloud.net/tochno-st-catalog/Rosstat/data_regions_collection_102_v20260313/data_18_socio_economic_102_v20260313.zip; https://storage.yandexcloud.net/tochno-st-catalog/Rosstat/data_regions_collection_102_v20260313/data_08_socio_economic_102_v20260313.zip,Y477110039; Y477110005,v20260313,computed from official source rows,Внутренние затраты на НИОКР / ВРП * 100. Для 2024 нужен официальный ВРП-2024.
volgograd,Волгоградская область,2024,emissions_per_gdp,,missing,Росстат / tochno.st,https://storage.yandexcloud.net/tochno-st-catalog/Rosstat/data_regions_collection_102_v20260313/data_07_socio_economic_102_v20260313.zip; https://storage.yandexcloud.net/tochno-st-catalog/Rosstat/data_regions_collection_102_v20260313/data_08_socio_economic_102_v20260313.zip,Y477110053; Y477110005,v20260313,computed from official source rows,"Выбросы, тыс. тонн / ВРП, млрд руб. = тонн на 1 млн руб. ВРП. Для 2024 нужен официальный ВРП-2024."
astrakhan,Астраханская область,2020,unemployment_rate,7.9,official,Регионы России. Социально-экономические показатели 2024,https://storage.yandexcloud.net/tochno-st-catalog/Rosstat/data_regions_collection_102_v20260313/data_02_socio_economic_102_v20260313.zip,Y477110418,v20260313,official,"Уровень безработицы по данным выборочных обследований рабочей силы, %"
astrakhan,Астраханская область,2020,avg_salary,38.9,official,Регионы России. Социально-экономические показатели 2023,https://storage.yandexcloud.net/tochno-st-catalog/Rosstat/data_regions_collection_102_v20260313/data_03_socio_economic_102_v20260313.zip,Y477110378,v20260313,official / 1000,Среднемесячная номинальная начисленная зарплата работников организаций: руб. -> тыс. руб.
astrakhan,Астраханская область,2020,gdp_per_capita,541.1,official,Регионы России. Социально-экономические показатели 2024,https://storage.yandexcloud.net/tochno-st-catalog/Rosstat/data_regions_collection_102_v20260313/data_08_socio_economic_102_v20260313.zip,Y477110006,v20260313,official / 1000,ВРП на душу населения: руб. -> тыс. руб.; в текущей коллекции ряд доступен до 2023 года.
astrakhan,Астраханская область,2020,investment_per_capita,118.1,official,Регионы России. Социально-экономические показатели 2024,https://storage.yandexcloud.net/tochno-st-catalog/Rosstat/data_regions_collection_102_v20260313/data_10_socio_economic_102_v20260313.zip,Y477110108,v20260313,official / 1000,Инвестиции в основной капитал на душу населения: руб. -> тыс. руб.
astrakhan,Астраханская область,2020,poverty_rate,15.2,official,Регионы России. Социально-экономические показатели 2025,https://storage.yandexcloud.net/tochno-st-catalog/Rosstat/data_regions_collection_102_v20260313/data_03_socio_economic_102_v20260313.zip,Y477110463,v20260313,official,"Доля населения с денежными доходами ниже границы бедности / величины прожиточного минимума, %."
astrakhan,Астраханская область,2020,higher_education_share,3.0,official_proxy,Регионы России. Социально-экономические показатели 2024,https://storage.yandexcloud.net/tochno-st-catalog/Rosstat/data_regions_collection_102_v20260313/data_04_socio_economic_102_v20260313.zip,Y477110485,v20260313,official proxy / 100,Прокси: студенты программ бакалавриата/специалитета/магистратуры на 10000 человек населения / 100. Это не точный показатель 'доля занятого населения с высшим образованием'.
astrakhan,Астраханская область,2020,migration_growth,-84.0,official,Регионы России. Социально-экономические показатели 2023,https://storage.yandexcloud.net/tochno-st-catalog/Rosstat/data_regions_collection_102_v20260313/data_01_socio_economic_102_v20260313.zip,Y477110197,v20260313,official,Коэффициент миграционного прироста на 10000 человек населения; в текущей коллекции ряд доступен до 2023 года.
astrakhan,Астраханская область,2020,roads_per_area,83.2,official,Регионы России. Социально-экономические показатели 2024,https://storage.yandexcloud.net/tochno-st-catalog/Rosstat/data_regions_collection_102_v20260313/data_16_socio_economic_102_v20260313.zip,Y477110295,v20260313,official,"Плотность автомобильных дорог общего пользования с твердым покрытием, км дорог на 1000 км2 территории."
astrakhan,Астраханская область,2020,rd_spending_pct_gdp,0.13,derived_from_official,Росстат / tochno.st,https://storage.yandexcloud.net/tochno-st-catalog/Rosstat/data_regions_collection_102_v20260313/data_18_socio_economic_102_v20260313.zip; https://storage.yandexcloud.net/tochno-st-catalog/Rosstat/data_regions_collection_102_v20260313/data_08_socio_economic_102_v20260313.zip,Y477110039; Y477110005,v20260313,computed from official source rows,Внутренние затраты на НИОКР / ВРП * 100. Для 2024 нужен официальный ВРП-2024.
astrakhan,Астраханская область,2020,emissions_per_gdp,0.21,derived_from_official,Росстат / tochno.st,https://storage.yandexcloud.net/tochno-st-catalog/Rosstat/data_regions_collection_102_v20260313/data_07_socio_economic_102_v20260313.zip; https://storage.yandexcloud.net/tochno-st-catalog/Rosstat/data_regions_collection_102_v20260313/data_08_socio_economic_102_v20260313.zip,Y477110053; Y477110005,v20260313,computed from official source rows,"Выбросы, тыс. тонн / ВРП, млрд руб. = тонн на 1 млн руб. ВРП. Для 2024 нужен официальный ВРП-2024."
astrakhan,Астраханская область,2021,unemployment_rate,7.7,official,Регионы России. Социально-экономические показатели 2023,https://storage.yandexcloud.net/tochno-st-catalog/Rosstat/data_regions_collection_102_v20260313/data_02_socio_economic_102_v20260313.zip,Y477110418,v20260313,official,"Уровень безработицы по данным выборочных обследований рабочей силы, %"
astrakhan,Астраханская область,2021,avg_salary,42.1,official,Регионы России. Социально-экономические показатели 2023,https://storage.yandexcloud.net/tochno-st-catalog/Rosstat/data_regions_collection_102_v20260313/data_03_socio_economic_102_v20260313.zip,Y477110378,v20260313,official / 1000,Среднемесячная номинальная начисленная зарплата работников организаций: руб. -> тыс. руб.
astrakhan,Астраханская область,2021,gdp_per_capita,689.0,official,Регионы России. Социально-экономические показатели 2024,https://storage.yandexcloud.net/tochno-st-catalog/Rosstat/data_regions_collection_102_v20260313/data_08_socio_economic_102_v20260313.zip,Y477110006,v20260313,official / 1000,ВРП на душу населения: руб. -> тыс. руб.; в текущей коллекции ряд доступен до 2023 года.
astrakhan,Астраханская область,2021,investment_per_capita,119.9,official,Регионы России. Социально-экономические показатели 2024,https://storage.yandexcloud.net/tochno-st-catalog/Rosstat/data_regions_collection_102_v20260313/data_10_socio_economic_102_v20260313.zip,Y477110108,v20260313,official / 1000,Инвестиции в основной капитал на душу населения: руб. -> тыс. руб.
astrakhan,Астраханская область,2021,poverty_rate,15.0,official,Регионы России. Социально-экономические показатели 2025,https://storage.yandexcloud.net/tochno-st-catalog/Rosstat/data_regions_collection_102_v20260313/data_03_socio_economic_102_v20260313.zip,Y477110463,v20260313,official,"Доля населения с денежными доходами ниже границы бедности / величины прожиточного минимума, %."
astrakhan,Астраханская область,2021,higher_education_share,3.0,official_proxy,Регионы России. Социально-экономические показатели 2024,https://storage.yandexcloud.net/tochno-st-catalog/Rosstat/data_regions_collection_102_v20260313/data_04_socio_economic_102_v20260313.zip,Y477110485,v20260313,official proxy / 100,Прокси: студенты программ бакалавриата/специалитета/магистратуры на 10000 человек населения / 100. Это не точный показатель 'доля занятого населения с высшим образованием'.
astrakhan,Астраханская область,2021,migration_growth,-59.0,official,Регионы России. Социально-экономические показатели 2023,https://storage.yandexcloud.net/tochno-st-catalog/Rosstat/data_regions_collection_102_v20260313/data_01_socio_economic_102_v20260313.zip,Y477110197,v20260313,official,Коэффициент миграционного прироста на 10000 человек населения; в текущей коллекции ряд доступен до 2023 года.
astrakhan,Астраханская область,2021,roads_per_area,84.0,official,Регионы России. Социально-экономические показатели 2024,https://storage.yandexcloud.net/tochno-st-catalog/Rosstat/data_regions_collection_102_v20260313/data_16_socio_economic_102_v20260313.zip,Y477110295,v20260313,official,"Плотность автомобильных дорог общего пользования с твердым покрытием, км дорог на 1000 км2 территории."
astrakhan,Астраханская область,2021,rd_spending_pct_gdp,0.12,derived_from_official,Росстат / tochno.st,https://storage.yandexcloud.net/tochno-st-catalog/Rosstat/data_regions_collection_102_v20260313/data_18_socio_economic_102_v20260313.zip; https://storage.yandexcloud.net/tochno-st-catalog/Rosstat/data_regions_collection_102_v20260313/data_08_socio_economic_102_v20260313.zip,Y477110039; Y477110005,v20260313,computed from official source rows,Внутренние затраты на НИОКР / ВРП * 100. Для 2024 нужен официальный ВРП-2024.
astrakhan,Астраханская область,2021,emissions_per_gdp,0.14,derived_from_official,Росстат / tochno.st,https://storage.yandexcloud.net/tochno-st-catalog/Rosstat/data_regions_collection_102_v20260313/data_07_socio_economic_102_v20260313.zip; https://storage.yandexcloud.net/tochno-st-catalog/Rosstat/data_regions_collection_102_v20260313/data_08_socio_economic_102_v20260313.zip,Y477110053; Y477110005,v20260313,computed from official source rows,"Выбросы, тыс. тонн / ВРП, млрд руб. = тонн на 1 млн руб. ВРП. Для 2024 нужен официальный ВРП-2024."
astrakhan,Астраханская область,2022,unemployment_rate,7.0,official,Регионы России. Социально-экономические показатели 2023,https://storage.yandexcloud.net/tochno-st-catalog/Rosstat/data_regions_collection_102_v20260313/data_02_socio_economic_102_v20260313.zip,Y477110418,v20260313,official,"Уровень безработицы по данным выборочных обследований рабочей силы, %"
astrakhan,Астраханская область,2022,avg_salary,47.8,official,Регионы России. Социально-экономические показатели 2023,https://storage.yandexcloud.net/tochno-st-catalog/Rosstat/data_regions_collection_102_v20260313/data_03_socio_economic_102_v20260313.zip,Y477110378,v20260313,official / 1000,Среднемесячная номинальная начисленная зарплата работников организаций: руб. -> тыс. руб.
astrakhan,Астраханская область,2022,gdp_per_capita,800.6,official,Регионы России. Социально-экономические показатели 2025,https://storage.yandexcloud.net/tochno-st-catalog/Rosstat/data_regions_collection_102_v20260313/data_08_socio_economic_102_v20260313.zip,Y477110006,v20260313,official / 1000,ВРП на душу населения: руб. -> тыс. руб.; в текущей коллекции ряд доступен до 2023 года.
astrakhan,Астраханская область,2022,investment_per_capita,91.5,official,Регионы России. Социально-экономические показатели 2024,https://storage.yandexcloud.net/tochno-st-catalog/Rosstat/data_regions_collection_102_v20260313/data_10_socio_economic_102_v20260313.zip,Y477110108,v20260313,official / 1000,Инвестиции в основной капитал на душу населения: руб. -> тыс. руб.
astrakhan,Астраханская область,2022,poverty_rate,12.5,official,Регионы России. Социально-экономические показатели 2025,https://storage.yandexcloud.net/tochno-st-catalog/Rosstat/data_regions_collection_102_v20260313/data_03_socio_economic_102_v20260313.zip,Y477110463,v20260313,official,"Доля населения с денежными доходами ниже границы бедности / величины прожиточного минимума, %."
astrakhan,Астраханская область,2022,higher_education_share,2.9,official_proxy,Регионы России. Социально-экономические показатели 2023,https://storage.yandexcloud.net/tochno-st-catalog/Rosstat/data_regions_collection_102_v20260313/data_04_socio_economic_102_v20260313.zip,Y477110485,v20260313,official proxy / 100,Прокси: студенты программ бакалавриата/специалитета/магистратуры на 10000 человек населения / 100. Это не точный показатель 'доля занятого населения с высшим образованием'.
astrakhan,Астраханская область,2022,migration_growth,-50.0,official,Регионы России. Социально-экономические показатели 2023,https://storage.yandexcloud.net/tochno-st-catalog/Rosstat/data_regions_collection_102_v20260313/data_01_socio_economic_102_v20260313.zip,Y477110197,v20260313,official,Коэффициент миграционного прироста на 10000 человек населения; в текущей коллекции ряд доступен до 2023 года.
astrakhan,Астраханская область,2022,roads_per_area,84.0,official,Регионы России. Социально-экономические показатели 2024,https://storage.yandexcloud.net/tochno-st-catalog/Rosstat/data_regions_collection_102_v20260313/data_16_socio_economic_102_v20260313.zip,Y477110295,v20260313,official,"Плотность автомобильных дорог общего пользования с твердым покрытием, км дорог на 1000 км2 территории."
astrakhan,Астраханская область,2022,rd_spending_pct_gdp,0.09,derived_from_official,Росстат / tochno.st,https://storage.yandexcloud.net/tochno-st-catalog/Rosstat/data_regions_collection_102_v20260313/data_18_socio_economic_102_v20260313.zip; https://storage.yandexcloud.net/tochno-st-catalog/Rosstat/data_regions_collection_102_v20260313/data_08_socio_economic_102_v20260313.zip,Y477110039; Y477110005,v20260313,computed from official source rows,Внутренние затраты на НИОКР / ВРП * 100. Для 2024 нужен официальный ВРП-2024.
astrakhan,Астраханская область,2022,emissions_per_gdp,0.14,derived_from_official,Росстат / tochno.st,https://storage.yandexcloud.net/tochno-st-catalog/Rosstat/data_regions_collection_102_v20260313/data_07_socio_economic_102_v20260313.zip; https://storage.yandexcloud.net/tochno-st-catalog/Rosstat/data_regions_collection_102_v20260313/data_08_socio_economic_102_v20260313.zip,Y477110053; Y477110005,v20260313,computed from official source rows,"Выбросы, тыс. тонн / ВРП, млрд руб. = тонн на 1 млн руб. ВРП. Для 2024 нужен официальный ВРП-2024."
astrakhan,Астраханская область,2023,unemployment_rate,4.4,official,Регионы России. Социально-экономические показатели 2024,https://storage.yandexcloud.net/tochno-st-catalog/Rosstat/data_regions_collection_102_v20260313/data_02_socio_economic_102_v20260313.zip,Y477110418,v20260313,official,"Уровень безработицы по данным выборочных обследований рабочей силы, %"
astrakhan,Астраханская область,2023,avg_salary,54.0,official,Регионы России. Социально-экономические показатели 2024,https://storage.yandexcloud.net/tochno-st-catalog/Rosstat/data_regions_collection_102_v20260313/data_03_socio_economic_102_v20260313.zip,Y477110378,v20260313,official / 1000,Среднемесячная номинальная начисленная зарплата работников организаций: руб. -> тыс. руб.
astrakhan,Астраханская область,2023,gdp_per_capita,820.0,official,Регионы России. Социально-экономические показатели 2025,https://storage.yandexcloud.net/tochno-st-catalog/Rosstat/data_regions_collection_102_v20260313/data_08_socio_economic_102_v20260313.zip,Y477110006,v20260313,official / 1000,ВРП на душу населения: руб. -> тыс. руб.; в текущей коллекции ряд доступен до 2023 года.
astrakhan,Астраханская область,2023,investment_per_capita,94.2,official,Регионы России. Социально-экономические показатели 2025,https://storage.yandexcloud.net/tochno-st-catalog/Rosstat/data_regions_collection_102_v20260313/data_10_socio_economic_102_v20260313.zip,Y477110108,v20260313,official / 1000,Инвестиции в основной капитал на душу населения: руб. -> тыс. руб.
astrakhan,Астраханская область,2023,poverty_rate,12.0,official,Регионы России. Социально-экономические показатели 2024,https://storage.yandexcloud.net/tochno-st-catalog/Rosstat/data_regions_collection_102_v20260313/data_03_socio_economic_102_v20260313.zip,Y477110463,v20260313,official,"Доля населения с денежными доходами ниже границы бедности / величины прожиточного минимума, %."
astrakhan,Астраханская область,2023,higher_education_share,3.0,official_proxy,Регионы России. Социально-экономические показатели 2024,https://storage.yandexcloud.net/tochno-st-catalog/Rosstat/data_regions_collection_102_v20260313/data_04_socio_economic_102_v20260313.zip,Y477110485,v20260313,official proxy / 100,Прокси: студенты программ бакалавриата/специалитета/магистратуры на 10000 человек населения / 100. Это не точный показатель 'доля занятого населения с высшим образованием'.
astrakhan,Астраханская область,2023,migration_growth,-25.0,official,Регионы России. Социально-экономические показатели 2024,https://storage.yandexcloud.net/tochno-st-catalog/Rosstat/data_regions_collection_102_v20260313/data_01_socio_economic_102_v20260313.zip,Y477110197,v20260313,official,Коэффициент миграционного прироста на 10000 человек населения; в текущей коллекции ряд доступен до 2023 года.
astrakhan,Астраханская область,2023,roads_per_area,84.8,official,Регионы России. Социально-экономические показатели 2024,https://storage.yandexcloud.net/tochno-st-catalog/Rosstat/data_regions_collection_102_v20260313/data_16_socio_economic_102_v20260313.zip,Y477110295,v20260313,official,"Плотность автомобильных дорог общего пользования с твердым покрытием, км дорог на 1000 км2 территории."
astrakhan,Астраханская область,2023,rd_spending_pct_gdp,0.2,derived_from_official,Росстат / tochno.st,https://storage.yandexcloud.net/tochno-st-catalog/Rosstat/data_regions_collection_102_v20260313/data_18_socio_economic_102_v20260313.zip; https://storage.yandexcloud.net/tochno-st-catalog/Rosstat/data_regions_collection_102_v20260313/data_08_socio_economic_102_v20260313.zip,Y477110039; Y477110005,v20260313,computed from official source rows,Внутренние затраты на НИОКР / ВРП * 100. Для 2024 нужен официальный ВРП-2024.
astrakhan,Астраханская область,2023,emissions_per_gdp,0.13,derived_from_official,Росстат / tochno.st,https://storage.yandexcloud.net/tochno-st-catalog/Rosstat/data_regions_collection_102_v20260313/data_07_socio_economic_102_v20260313.zip; https://storage.yandexcloud.net/tochno-st-catalog/Rosstat/data_regions_collection_102_v20260313/data_08_socio_economic_102_v20260313.zip,Y477110053; Y477110005,v20260313,computed from official source rows,"Выбросы, тыс. тонн / ВРП, млрд руб. = тонн на 1 млн руб. ВРП. Для 2024 нужен официальный ВРП-2024."
astrakhan,Астраханская область,2024,unemployment_rate,2.7,official,Регионы России. Социально-экономические показатели 2025,https://storage.yandexcloud.net/tochno-st-catalog/Rosstat/data_regions_collection_102_v20260313/data_02_socio_economic_102_v20260313.zip,Y477110418,v20260313,official,"Уровень безработицы по данным выборочных обследований рабочей силы, %"
astrakhan,Астраханская область,2024,avg_salary,62.6,official,Регионы России. Социально-экономические показатели 2025,https://storage.yandexcloud.net/tochno-st-catalog/Rosstat/data_regions_collection_102_v20260313/data_03_socio_economic_102_v20260313.zip,Y477110378,v20260313,official / 1000,Среднемесячная номинальная начисленная зарплата работников организаций: руб. -> тыс. руб.
astrakhan,Астраханская область,2024,gdp_per_capita,,missing,Росстат / tochno.st,https://storage.yandexcloud.net/tochno-st-catalog/Rosstat/data_regions_collection_102_v20260313/data_08_socio_economic_102_v20260313.zip,Y477110006,,official / 1000,ВРП на душу населения: руб. -> тыс. руб.; в текущей коллекции ряд доступен до 2023 года.
astrakhan,Астраханская область,2024,investment_per_capita,122.3,official,Регионы России. Социально-экономические показатели 2025,https://storage.yandexcloud.net/tochno-st-catalog/Rosstat/data_regions_collection_102_v20260313/data_10_socio_economic_102_v20260313.zip,Y477110108,v20260313,official / 1000,Инвестиции в основной капитал на душу населения: руб. -> тыс. руб.
astrakhan,Астраханская область,2024,poverty_rate,10.6,official,Регионы России. Социально-экономические показатели 2025,https://storage.yandexcloud.net/tochno-st-catalog/Rosstat/data_regions_collection_102_v20260313/data_03_socio_economic_102_v20260313.zip,Y477110463,v20260313,official,"Доля населения с денежными доходами ниже границы бедности / величины прожиточного минимума, %."
astrakhan,Астраханская область,2024,higher_education_share,3.0,official_proxy,Регионы России. Социально-экономические показатели 2025,https://storage.yandexcloud.net/tochno-st-catalog/Rosstat/data_regions_collection_102_v20260313/data_04_socio_economic_102_v20260313.zip,Y477110485,v20260313,official proxy / 100,Прокси: студенты программ бакалавриата/специалитета/магистратуры на 10000 человек населения / 100. Это не точный показатель 'доля занятого населения с высшим образованием'.
astrakhan,Астраханская область,2024,migration_growth,,missing,Росстат / tochno.st,https://storage.yandexcloud.net/tochno-st-catalog/Rosstat/data_regions_collection_102_v20260313/data_01_socio_economic_102_v20260313.zip,Y477110197,,official,Коэффициент миграционного прироста на 10000 человек населения; в текущей коллекции ряд доступен до 2023 года.
astrakhan,Астраханская область,2024,roads_per_area,85.0,official,Регионы России. Социально-экономические показатели 2025,https://storage.yandexcloud.net/tochno-st-catalog/Rosstat/data_regions_collection_102_v20260313/data_16_socio_economic_102_v20260313.zip,Y477110295,v20260313,official,"Плотность автомобильных дорог общего пользования с твердым покрытием, км дорог на 1000 км2 территории."
astrakhan,Астраханская область,2024,rd_spending_pct_gdp,,missing,Росстат / tochno.st,https://storage.yandexcloud.net/tochno-st-catalog/Rosstat/data_regions_collection_102_v20260313/data_18_socio_economic_102_v20260313.zip; https://storage.yandexcloud.net/tochno-st-catalog/Rosstat/data_regions_collection_102_v20260313/data_08_socio_economic_102_v20260313.zip,Y477110039; Y477110005,v20260313,computed from official source rows,Внутренние затраты на НИОКР / ВРП * 100. Для 2024 нужен официальный ВРП-2024.
astrakhan,Астраханская область,2024,emissions_per_gdp,,missing,Росстат / tochno.st,https://storage.yandexcloud.net/tochno-st-catalog/Rosstat/data_regions_collection_102_v20260313/data_07_socio_economic_102_v20260313.zip; https://storage.yandexcloud.net/tochno-st-catalog/Rosstat/data_regions_collection_102_v20260313/data_08_socio_economic_102_v20260313.zip,Y477110053; Y477110005,v20260313,computed from official source rows,"Выбросы, тыс. тонн / ВРП, млрд руб. = тонн на 1 млн руб. ВРП. Для 2024 нужен официальный ВРП-2024."
kalmykia,Республика Калмыкия,2020,unemployment_rate,9.6,official,Регионы России. Социально-экономические показатели 2023,https://storage.yandexcloud.net/tochno-st-catalog/Rosstat/data_regions_collection_102_v20260313/data_02_socio_economic_102_v20260313.zip,Y477110418,v20260313,official,"Уровень безработицы по данным выборочных обследований рабочей силы, %"
kalmykia,Республика Калмыкия,2020,avg_salary,32.0,official,Регионы России. Социально-экономические показатели 2023,https://storage.yandexcloud.net/tochno-st-catalog/Rosstat/data_regions_collection_102_v20260313/data_03_socio_economic_102_v20260313.zip,Y477110378,v20260313,official / 1000,Среднемесячная номинальная начисленная зарплата работников организаций: руб. -> тыс. руб.
kalmykia,Республика Калмыкия,2020,gdp_per_capita,348.9,official,Регионы России. Социально-экономические показатели 2024,https://storage.yandexcloud.net/tochno-st-catalog/Rosstat/data_regions_collection_102_v20260313/data_08_socio_economic_102_v20260313.zip,Y477110006,v20260313,official / 1000,ВРП на душу населения: руб. -> тыс. руб.; в текущей коллекции ряд доступен до 2023 года.
kalmykia,Республика Калмыкия,2020,investment_per_capita,142.0,official,Регионы России. Социально-экономические показатели 2024,https://storage.yandexcloud.net/tochno-st-catalog/Rosstat/data_regions_collection_102_v20260313/data_10_socio_economic_102_v20260313.zip,Y477110108,v20260313,official / 1000,Инвестиции в основной капитал на душу населения: руб. -> тыс. руб.
kalmykia,Республика Калмыкия,2020,poverty_rate,22.7,official,Регионы России. Социально-экономические показатели 2024,https://storage.yandexcloud.net/tochno-st-catalog/Rosstat/data_regions_collection_102_v20260313/data_03_socio_economic_102_v20260313.zip,Y477110463,v20260313,official,"Доля населения с денежными доходами ниже границы бедности / величины прожиточного минимума, %."
kalmykia,Республика Калмыкия,2020,higher_education_share,3.3,official_proxy,Регионы России. Социально-экономические показатели 2024,https://storage.yandexcloud.net/tochno-st-catalog/Rosstat/data_regions_collection_102_v20260313/data_04_socio_economic_102_v20260313.zip,Y477110485,v20260313,official proxy / 100,Прокси: студенты программ бакалавриата/специалитета/магистратуры на 10000 человек населения / 100. Это не точный показатель 'доля занятого населения с высшим образованием'.
kalmykia,Республика Калмыкия,2020,migration_growth,-37.0,official,Регионы России. Социально-экономические показатели 2023,https://storage.yandexcloud.net/tochno-st-catalog/Rosstat/data_regions_collection_102_v20260313/data_01_socio_economic_102_v20260313.zip,Y477110197,v20260313,official,Коэффициент миграционного прироста на 10000 человек населения; в текущей коллекции ряд доступен до 2023 года.
kalmykia,Республика Калмыкия,2020,roads_per_area,51.2,official,Регионы России. Социально-экономические показатели 2024,https://storage.yandexcloud.net/tochno-st-catalog/Rosstat/data_regions_collection_102_v20260313/data_16_socio_economic_102_v20260313.zip,Y477110295,v20260313,official,"Плотность автомобильных дорог общего пользования с твердым покрытием, км дорог на 1000 км2 территории."
kalmykia,Республика Калмыкия,2020,rd_spending_pct_gdp,0.16,derived_from_official,Росстат / tochno.st,https://storage.yandexcloud.net/tochno-st-catalog/Rosstat/data_regions_collection_102_v20260313/data_18_socio_economic_102_v20260313.zip; https://storage.yandexcloud.net/tochno-st-catalog/Rosstat/data_regions_collection_102_v20260313/data_08_socio_economic_102_v20260313.zip,Y477110039; Y477110005,v20260313,computed from official source rows,Внутренние затраты на НИОКР / ВРП * 100. Для 2024 нужен официальный ВРП-2024.
kalmykia,Республика Калмыкия,2020,emissions_per_gdp,0.03,derived_from_official,Росстат / tochno.st,https://storage.yandexcloud.net/tochno-st-catalog/Rosstat/data_regions_collection_102_v20260313/data_07_socio_economic_102_v20260313.zip; https://storage.yandexcloud.net/tochno-st-catalog/Rosstat/data_regions_collection_102_v20260313/data_08_socio_economic_102_v20260313.zip,Y477110053; Y477110005,v20260313,computed from official source rows,"Выбросы, тыс. тонн / ВРП, млрд руб. = тонн на 1 млн руб. ВРП. Для 2024 нужен официальный ВРП-2024."
kalmykia,Республика Калмыкия,2021,unemployment_rate,9.0,official,Регионы России. Социально-экономические показатели 2024,https://storage.yandexcloud.net/tochno-st-catalog/Rosstat/data_regions_collection_102_v20260313/data_02_socio_economic_102_v20260313.zip,Y477110418,v20260313,official,"Уровень безработицы по данным выборочных обследований рабочей силы, %"
kalmykia,Республика Калмыкия,2021,avg_salary,33.0,official,Регионы России. Социально-экономические показатели 2023,https://storage.yandexcloud.net/tochno-st-catalog/Rosstat/data_regions_collection_102_v20260313/data_03_socio_economic_102_v20260313.zip,Y477110378,v20260313,official / 1000,Среднемесячная номинальная начисленная зарплата работников организаций: руб. -> тыс. руб.
kalmykia,Республика Калмыкия,2021,gdp_per_capita,382.5,official,Регионы России. Социально-экономические показатели 2024,https://storage.yandexcloud.net/tochno-st-catalog/Rosstat/data_regions_collection_102_v20260313/data_08_socio_economic_102_v20260313.zip,Y477110006,v20260313,official / 1000,ВРП на душу населения: руб. -> тыс. руб.; в текущей коллекции ряд доступен до 2023 года.
kalmykia,Республика Калмыкия,2021,investment_per_capita,66.7,official,Регионы России. Социально-экономические показатели 2024,https://storage.yandexcloud.net/tochno-st-catalog/Rosstat/data_regions_collection_102_v20260313/data_10_socio_economic_102_v20260313.zip,Y477110108,v20260313,official / 1000,Инвестиции в основной капитал на душу населения: руб. -> тыс. руб.
kalmykia,Республика Калмыкия,2021,poverty_rate,22.6,official,Регионы России. Социально-экономические показатели 2024,https://storage.yandexcloud.net/tochno-st-catalog/Rosstat/data_regions_collection_102_v20260313/data_03_socio_economic_102_v20260313.zip,Y477110463,v20260313,official,"Доля населения с денежными доходами ниже границы бедности / величины прожиточного минимума, %."
kalmykia,Республика Калмыкия,2021,higher_education_share,3.2,official_proxy,Регионы России. Социально-экономические показатели 2024,https://storage.yandexcloud.net/tochno-st-catalog/Rosstat/data_regions_collection_102_v20260313/data_04_socio_economic_102_v20260313.zip,Y477110485,v20260313,official proxy / 100,Прокси: студенты программ бакалавриата/специалитета/магистратуры на 10000 человек населения / 100. Это не точный показатель 'доля занятого населения с высшим образованием'.
kalmykia,Республика Калмыкия,2021,migration_growth,-56.0,official,Регионы России. Социально-экономические показатели 2023,https://storage.yandexcloud.net/tochno-st-catalog/Rosstat/data_regions_collection_102_v20260313/data_01_socio_economic_102_v20260313.zip,Y477110197,v20260313,official,Коэффициент миграционного прироста на 10000 человек населения; в текущей коллекции ряд доступен до 2023 года.
kalmykia,Республика Калмыкия,2021,roads_per_area,51.4,official,Регионы России. Социально-экономические показатели 2024,https://storage.yandexcloud.net/tochno-st-catalog/Rosstat/data_regions_collection_102_v20260313/data_16_socio_economic_102_v20260313.zip,Y477110295,v20260313,official,"Плотность автомобильных дорог общего пользования с твердым покрытием, км дорог на 1000 км2 территории."
kalmykia,Республика Калмыкия,2021,rd_spending_pct_gdp,0.13,derived_from_official,Росстат / tochno.st,https://storage.yandexcloud.net/tochno-st-catalog/Rosstat/data_regions_collection_102_v20260313/data_18_socio_economic_102_v20260313.zip; https://storage.yandexcloud.net/tochno-st-catalog/Rosstat/data_regions_collection_102_v20260313/data_08_socio_economic_102_v20260313.zip,Y477110039; Y477110005,v20260313,computed from official source rows,Внутренние затраты на НИОКР / ВРП * 100. Для 2024 нужен официальный ВРП-2024.
kalmykia,Республика Калмыкия,2021,emissions_per_gdp,0.04,derived_from_official,Росстат / tochno.st,https://storage.yandexcloud.net/tochno-st-catalog/Rosstat/data_regions_collection_102_v20260313/data_07_socio_economic_102_v20260313.zip; https://storage.yandexcloud.net/tochno-st-catalog/Rosstat/data_regions_collection_102_v20260313/data_08_socio_economic_102_v20260313.zip,Y477110053; Y477110005,v20260313,computed from official source rows,"Выбросы, тыс. тонн / ВРП, млрд руб. = тонн на 1 млн руб. ВРП. Для 2024 нужен официальный ВРП-2024."
kalmykia,Республика Калмыкия,2022,unemployment_rate,8.1,official,Регионы России. Социально-экономические показатели 2024,https://storage.yandexcloud.net/tochno-st-catalog/Rosstat/data_regions_collection_102_v20260313/data_02_socio_economic_102_v20260313.zip,Y477110418,v20260313,official,"Уровень безработицы по данным выборочных обследований рабочей силы, %"
kalmykia,Республика Калмыкия,2022,avg_salary,36.3,official,Регионы России. Социально-экономические показатели 2023,https://storage.yandexcloud.net/tochno-st-catalog/Rosstat/data_regions_collection_102_v20260313/data_03_socio_economic_102_v20260313.zip,Y477110378,v20260313,official / 1000,Среднемесячная номинальная начисленная зарплата работников организаций: руб. -> тыс. руб.
kalmykia,Республика Калмыкия,2022,gdp_per_capita,451.2,official,Регионы России. Социально-экономические показатели 2025,https://storage.yandexcloud.net/tochno-st-catalog/Rosstat/data_regions_collection_102_v20260313/data_08_socio_economic_102_v20260313.zip,Y477110006,v20260313,official / 1000,ВРП на душу населения: руб. -> тыс. руб.; в текущей коллекции ряд доступен до 2023 года.
kalmykia,Республика Калмыкия,2022,investment_per_capita,59.6,official,Регионы России. Социально-экономические показатели 2024,https://storage.yandexcloud.net/tochno-st-catalog/Rosstat/data_regions_collection_102_v20260313/data_10_socio_economic_102_v20260313.zip,Y477110108,v20260313,official / 1000,Инвестиции в основной капитал на душу населения: руб. -> тыс. руб.
kalmykia,Республика Калмыкия,2022,poverty_rate,20.6,official,Регионы России. Социально-экономические показатели 2025,https://storage.yandexcloud.net/tochno-st-catalog/Rosstat/data_regions_collection_102_v20260313/data_03_socio_economic_102_v20260313.zip,Y477110463,v20260313,official,"Доля населения с денежными доходами ниже границы бедности / величины прожиточного минимума, %."
kalmykia,Республика Калмыкия,2022,higher_education_share,3.3,official_proxy,Регионы России. Социально-экономические показатели 2023,https://storage.yandexcloud.net/tochno-st-catalog/Rosstat/data_regions_collection_102_v20260313/data_04_socio_economic_102_v20260313.zip,Y477110485,v20260313,official proxy / 100,Прокси: студенты программ бакалавриата/специалитета/магистратуры на 10000 человек населения / 100. Это не точный показатель 'доля занятого населения с высшим образованием'.
kalmykia,Республика Калмыкия,2022,migration_growth,-60.0,official,Регионы России. Социально-экономические показатели 2023,https://storage.yandexcloud.net/tochno-st-catalog/Rosstat/data_regions_collection_102_v20260313/data_01_socio_economic_102_v20260313.zip,Y477110197,v20260313,official,Коэффициент миграционного прироста на 10000 человек населения; в текущей коллекции ряд доступен до 2023 года.
kalmykia,Республика Калмыкия,2022,roads_per_area,51.6,official,Регионы России. Социально-экономические показатели 2024,https://storage.yandexcloud.net/tochno-st-catalog/Rosstat/data_regions_collection_102_v20260313/data_16_socio_economic_102_v20260313.zip,Y477110295,v20260313,official,"Плотность автомобильных дорог общего пользования с твердым покрытием, км дорог на 1000 км2 территории."
kalmykia,Республика Калмыкия,2022,rd_spending_pct_gdp,0.13,derived_from_official,Росстат / tochno.st,https://storage.yandexcloud.net/tochno-st-catalog/Rosstat/data_regions_collection_102_v20260313/data_18_socio_economic_102_v20260313.zip; https://storage.yandexcloud.net/tochno-st-catalog/Rosstat/data_regions_collection_102_v20260313/data_08_socio_economic_102_v20260313.zip,Y477110039; Y477110005,v20260313,computed from official source rows,Внутренние затраты на НИОКР / ВРП * 100. Для 2024 нужен официальный ВРП-2024.
kalmykia,Республика Калмыкия,2022,emissions_per_gdp,0.03,derived_from_official,Росстат / tochno.st,https://storage.yandexcloud.net/tochno-st-catalog/Rosstat/data_regions_collection_102_v20260313/data_07_socio_economic_102_v20260313.zip; https://storage.yandexcloud.net/tochno-st-catalog/Rosstat/data_regions_collection_102_v20260313/data_08_socio_economic_102_v20260313.zip,Y477110053; Y477110005,v20260313,computed from official source rows,"Выбросы, тыс. тонн / ВРП, млрд руб. = тонн на 1 млн руб. ВРП. Для 2024 нужен официальный ВРП-2024."
kalmykia,Республика Калмыкия,2023,unemployment_rate,6.5,official,Регионы России. Социально-экономические показатели 2024,https://storage.yandexcloud.net/tochno-st-catalog/Rosstat/data_regions_collection_102_v20260313/data_02_socio_economic_102_v20260313.zip,Y477110418,v20260313,official,"Уровень безработицы по данным выборочных обследований рабочей силы, %"
kalmykia,Республика Калмыкия,2023,avg_salary,42.2,official,Регионы России. Социально-экономические показатели 2024,https://storage.yandexcloud.net/tochno-st-catalog/Rosstat/data_regions_collection_102_v20260313/data_03_socio_economic_102_v20260313.zip,Y477110378,v20260313,official / 1000,Среднемесячная номинальная начисленная зарплата работников организаций: руб. -> тыс. руб.
kalmykia,Республика Калмыкия,2023,gdp_per_capita,627.6,official,Регионы России. Социально-экономические показатели 2025,https://storage.yandexcloud.net/tochno-st-catalog/Rosstat/data_regions_collection_102_v20260313/data_08_socio_economic_102_v20260313.zip,Y477110006,v20260313,official / 1000,ВРП на душу населения: руб. -> тыс. руб.; в текущей коллекции ряд доступен до 2023 года.
kalmykia,Республика Калмыкия,2023,investment_per_capita,50.2,official,Регионы России. Социально-экономические показатели 2025,https://storage.yandexcloud.net/tochno-st-catalog/Rosstat/data_regions_collection_102_v20260313/data_10_socio_economic_102_v20260313.zip,Y477110108,v20260313,official / 1000,Инвестиции в основной капитал на душу населения: руб. -> тыс. руб.
kalmykia,Республика Калмыкия,2023,poverty_rate,17.8,official,Регионы России. Социально-экономические показатели 2025,https://storage.yandexcloud.net/tochno-st-catalog/Rosstat/data_regions_collection_102_v20260313/data_03_socio_economic_102_v20260313.zip,Y477110463,v20260313,official,"Доля населения с денежными доходами ниже границы бедности / величины прожиточного минимума, %."
kalmykia,Республика Калмыкия,2023,higher_education_share,3.3,official_proxy,Регионы России. Социально-экономические показатели 2024,https://storage.yandexcloud.net/tochno-st-catalog/Rosstat/data_regions_collection_102_v20260313/data_04_socio_economic_102_v20260313.zip,Y477110485,v20260313,official proxy / 100,Прокси: студенты программ бакалавриата/специалитета/магистратуры на 10000 человек населения / 100. Это не точный показатель 'доля занятого населения с высшим образованием'.
kalmykia,Республика Калмыкия,2023,migration_growth,91.0,official,Регионы России. Социально-экономические показатели 2024,https://storage.yandexcloud.net/tochno-st-catalog/Rosstat/data_regions_collection_102_v20260313/data_01_socio_economic_102_v20260313.zip,Y477110197,v20260313,official,Коэффициент миграционного прироста на 10000 человек населения; в текущей коллекции ряд доступен до 2023 года.
kalmykia,Республика Калмыкия,2023,roads_per_area,51.3,official,Регионы России. Социально-экономические показатели 2024,https://storage.yandexcloud.net/tochno-st-catalog/Rosstat/data_regions_collection_102_v20260313/data_16_socio_economic_102_v20260313.zip,Y477110295,v20260313,official,"Плотность автомобильных дорог общего пользования с твердым покрытием, км дорог на 1000 км2 территории."
kalmykia,Республика Калмыкия,2023,rd_spending_pct_gdp,0.08,derived_from_official,Росстат / tochno.st,https://storage.yandexcloud.net/tochno-st-catalog/Rosstat/data_regions_collection_102_v20260313/data_18_socio_economic_102_v20260313.zip; https://storage.yandexcloud.net/tochno-st-catalog/Rosstat/data_regions_collection_102_v20260313/data_08_socio_economic_102_v20260313.zip,Y477110039; Y477110005,v20260313,computed from official source rows,Внутренние затраты на НИОКР / ВРП * 100. Для 2024 нужен официальный ВРП-2024.
kalmykia,Республика Калмыкия,2023,emissions_per_gdp,0.03,derived_from_official,Росстат / tochno.st,https://storage.yandexcloud.net/tochno-st-catalog/Rosstat/data_regions_collection_102_v20260313/data_07_socio_economic_102_v20260313.zip; https://storage.yandexcloud.net/tochno-st-catalog/Rosstat/data_regions_collection_102_v20260313/data_08_socio_economic_102_v20260313.zip,Y477110053; Y477110005,v20260313,computed from official source rows,"Выбросы, тыс. тонн / ВРП, млрд руб. = тонн на 1 млн руб. ВРП. Для 2024 нужен официальный ВРП-2024."
kalmykia,Республика Калмыкия,2024,unemployment_rate,5.1,official,Регионы России. Социально-экономические показатели 2025,https://storage.yandexcloud.net/tochno-st-catalog/Rosstat/data_regions_collection_102_v20260313/data_02_socio_economic_102_v20260313.zip,Y477110418,v20260313,official,"Уровень безработицы по данным выборочных обследований рабочей силы, %"
kalmykia,Республика Калмыкия,2024,avg_salary,49.2,official,Регионы России. Социально-экономические показатели 2025,https://storage.yandexcloud.net/tochno-st-catalog/Rosstat/data_regions_collection_102_v20260313/data_03_socio_economic_102_v20260313.zip,Y477110378,v20260313,official / 1000,Среднемесячная номинальная начисленная зарплата работников организаций: руб. -> тыс. руб.
kalmykia,Республика Калмыкия,2024,gdp_per_capita,,missing,Росстат / tochno.st,https://storage.yandexcloud.net/tochno-st-catalog/Rosstat/data_regions_collection_102_v20260313/data_08_socio_economic_102_v20260313.zip,Y477110006,,official / 1000,ВРП на душу населения: руб. -> тыс. руб.; в текущей коллекции ряд доступен до 2023 года.
kalmykia,Республика Калмыкия,2024,investment_per_capita,86.6,official,Регионы России. Социально-экономические показатели 2025,https://storage.yandexcloud.net/tochno-st-catalog/Rosstat/data_regions_collection_102_v20260313/data_10_socio_economic_102_v20260313.zip,Y477110108,v20260313,official / 1000,Инвестиции в основной капитал на душу населения: руб. -> тыс. руб.
kalmykia,Республика Калмыкия,2024,poverty_rate,13.2,official,Регионы России. Социально-экономические показатели 2025,https://storage.yandexcloud.net/tochno-st-catalog/Rosstat/data_regions_collection_102_v20260313/data_03_socio_economic_102_v20260313.zip,Y477110463,v20260313,official,"Доля населения с денежными доходами ниже границы бедности / величины прожиточного минимума, %."
kalmykia,Республика Калмыкия,2024,higher_education_share,3.2,official_proxy,Регионы России. Социально-экономические показатели 2025,https://storage.yandexcloud.net/tochno-st-catalog/Rosstat/data_regions_collection_102_v20260313/data_04_socio_economic_102_v20260313.zip,Y477110485,v20260313,official proxy / 100,Прокси: студенты программ бакалавриата/специалитета/магистратуры на 10000 человек населения / 100. Это не точный показатель 'доля занятого населения с высшим образованием'.
kalmykia,Республика Калмыкия,2024,migration_growth,,missing,Росстат / tochno.st,https://storage.yandexcloud.net/tochno-st-catalog/Rosstat/data_regions_collection_102_v20260313/data_01_socio_economic_102_v20260313.zip,Y477110197,,official,Коэффициент миграционного прироста на 10000 человек населения; в текущей коллекции ряд доступен до 2023 года.
kalmykia,Республика Калмыкия,2024,roads_per_area,52.5,official,Регионы России. Социально-экономические показатели 2025,https://storage.yandexcloud.net/tochno-st-catalog/Rosstat/data_regions_collection_102_v20260313/data_16_socio_economic_102_v20260313.zip,Y477110295,v20260313,official,"Плотность автомобильных дорог общего пользования с твердым покрытием, км дорог на 1000 км2 территории."
kalmykia,Республика Калмыкия,2024,rd_spending_pct_gdp,,missing,Росстат / tochno.st,https://storage.yandexcloud.net/tochno-st-catalog/Rosstat/data_regions_collection_102_v20260313/data_18_socio_economic_102_v20260313.zip; https://storage.yandexcloud.net/tochno-st-catalog/Rosstat/data_regions_collection_102_v20260313/data_08_socio_economic_102_v20260313.zip,Y477110039; Y477110005,v20260313,computed from official source rows,Внутренние затраты на НИОКР / ВРП * 100. Для 2024 нужен официальный ВРП-2024.
kalmykia,Республика Калмыкия,2024,emissions_per_gdp,,missing,Росстат / tochno.st,https://storage.yandexcloud.net/tochno-st-catalog/Rosstat/data_regions_collection_102_v20260313/data_07_socio_economic_102_v20260313.zip; https://storage.yandexcloud.net/tochno-st-catalog/Rosstat/data_regions_collection_102_v20260313/data_08_socio_economic_102_v20260313.zip,Y477110053; Y477110005,v20260313,computed from official source rows,"Выбросы, тыс. тонн / ВРП, млрд руб. = тонн на 1 млн руб. ВРП. Для 2024 нужен официальный ВРП-2024."
adygea,Республика Адыгея,2020,unemployment_rate,8.5,official,Регионы России. Социально-экономические показатели 2023,https://storage.yandexcloud.net/tochno-st-catalog/Rosstat/data_regions_collection_102_v20260313/data_02_socio_economic_102_v20260313.zip,Y477110418,v20260313,official,"Уровень безработицы по данным выборочных обследований рабочей силы, %"
adygea,Республика Адыгея,2020,avg_salary,32.2,official,Регионы России. Социально-экономические показатели 2023,https://storage.yandexcloud.net/tochno-st-catalog/Rosstat/data_regions_collection_102_v20260313/data_03_socio_economic_102_v20260313.zip,Y477110378,v20260313,official / 1000,Среднемесячная номинальная начисленная зарплата работников организаций: руб. -> тыс. руб.
adygea,Республика Адыгея,2020,gdp_per_capita,292.3,official,Регионы России. Социально-экономические показатели 2024,https://storage.yandexcloud.net/tochno-st-catalog/Rosstat/data_regions_collection_102_v20260313/data_08_socio_economic_102_v20260313.zip,Y477110006,v20260313,official / 1000,ВРП на душу населения: руб. -> тыс. руб.; в текущей коллекции ряд доступен до 2023 года.
adygea,Республика Адыгея,2020,investment_per_capita,82.7,official,Регионы России. Социально-экономические показатели 2024,https://storage.yandexcloud.net/tochno-st-catalog/Rosstat/data_regions_collection_102_v20260313/data_10_socio_economic_102_v20260313.zip,Y477110108,v20260313,official / 1000,Инвестиции в основной капитал на душу населения: руб. -> тыс. руб.
adygea,Республика Адыгея,2020,poverty_rate,13.2,official,Регионы России. Социально-экономические показатели 2025,https://storage.yandexcloud.net/tochno-st-catalog/Rosstat/data_regions_collection_102_v20260313/data_03_socio_economic_102_v20260313.zip,Y477110463,v20260313,official,"Доля населения с денежными доходами ниже границы бедности / величины прожиточного минимума, %."
adygea,Республика Адыгея,2020,higher_education_share,2.9,official_proxy,Регионы России. Социально-экономические показатели 2024,https://storage.yandexcloud.net/tochno-st-catalog/Rosstat/data_regions_collection_102_v20260313/data_04_socio_economic_102_v20260313.zip,Y477110485,v20260313,official proxy / 100,Прокси: студенты программ бакалавриата/специалитета/магистратуры на 10000 человек населения / 100. Это не точный показатель 'доля занятого населения с высшим образованием'.
adygea,Республика Адыгея,2020,migration_growth,94.0,official,Регионы России. Социально-экономические показатели 2023,https://storage.yandexcloud.net/tochno-st-catalog/Rosstat/data_regions_collection_102_v20260313/data_01_socio_economic_102_v20260313.zip,Y477110197,v20260313,official,Коэффициент миграционного прироста на 10000 человек населения; в текущей коллекции ряд доступен до 2023 года.
adygea,Республика Адыгея,2020,roads_per_area,575.9,official,Регионы России. Социально-экономические показатели 2024,https://storage.yandexcloud.net/tochno-st-catalog/Rosstat/data_regions_collection_102_v20260313/data_16_socio_economic_102_v20260313.zip,Y477110295,v20260313,official,"Плотность автомобильных дорог общего пользования с твердым покрытием, км дорог на 1000 км2 территории."
adygea,Республика Адыгея,2020,rd_spending_pct_gdp,0.15,derived_from_official,Росстат / tochno.st,https://storage.yandexcloud.net/tochno-st-catalog/Rosstat/data_regions_collection_102_v20260313/data_18_socio_economic_102_v20260313.zip; https://storage.yandexcloud.net/tochno-st-catalog/Rosstat/data_regions_collection_102_v20260313/data_08_socio_economic_102_v20260313.zip,Y477110039; Y477110005,v20260313,computed from official source rows,Внутренние затраты на НИОКР / ВРП * 100. Для 2024 нужен официальный ВРП-2024.
adygea,Республика Адыгея,2020,emissions_per_gdp,0.06,derived_from_official,Росстат / tochno.st,https://storage.yandexcloud.net/tochno-st-catalog/Rosstat/data_regions_collection_102_v20260313/data_07_socio_economic_102_v20260313.zip; https://storage.yandexcloud.net/tochno-st-catalog/Rosstat/data_regions_collection_102_v20260313/data_08_socio_economic_102_v20260313.zip,Y477110053; Y477110005,v20260313,computed from official source rows,"Выбросы, тыс. тонн / ВРП, млрд руб. = тонн на 1 млн руб. ВРП. Для 2024 нужен официальный ВРП-2024."
adygea,Республика Адыгея,2021,unemployment_rate,8.3,official,Регионы России. Социально-экономические показатели 2024,https://storage.yandexcloud.net/tochno-st-catalog/Rosstat/data_regions_collection_102_v20260313/data_02_socio_economic_102_v20260313.zip,Y477110418,v20260313,official,"Уровень безработицы по данным выборочных обследований рабочей силы, %"
adygea,Республика Адыгея,2021,avg_salary,36.0,official,Регионы России. Социально-экономические показатели 2023,https://storage.yandexcloud.net/tochno-st-catalog/Rosstat/data_regions_collection_102_v20260313/data_03_socio_economic_102_v20260313.zip,Y477110378,v20260313,official / 1000,Среднемесячная номинальная начисленная зарплата работников организаций: руб. -> тыс. руб.
adygea,Республика Адыгея,2021,gdp_per_capita,346.7,official,Регионы России. Социально-экономические показатели 2024,https://storage.yandexcloud.net/tochno-st-catalog/Rosstat/data_regions_collection_102_v20260313/data_08_socio_economic_102_v20260313.zip,Y477110006,v20260313,official / 1000,ВРП на душу населения: руб. -> тыс. руб.; в текущей коллекции ряд доступен до 2023 года.
adygea,Республика Адыгея,2021,investment_per_capita,72.6,official,Регионы России. Социально-экономические показатели 2024,https://storage.yandexcloud.net/tochno-st-catalog/Rosstat/data_regions_collection_102_v20260313/data_10_socio_economic_102_v20260313.zip,Y477110108,v20260313,official / 1000,Инвестиции в основной капитал на душу населения: руб. -> тыс. руб.
adygea,Республика Адыгея,2021,poverty_rate,12.2,official,Регионы России. Социально-экономические показатели 2025,https://storage.yandexcloud.net/tochno-st-catalog/Rosstat/data_regions_collection_102_v20260313/data_03_socio_economic_102_v20260313.zip,Y477110463,v20260313,official,"Доля населения с денежными доходами ниже границы бедности / величины прожиточного минимума, %."
adygea,Республика Адыгея,2021,higher_education_share,2.8,official_proxy,Регионы России. Социально-экономические показатели 2024,https://storage.yandexcloud.net/tochno-st-catalog/Rosstat/data_regions_collection_102_v20260313/data_04_socio_economic_102_v20260313.zip,Y477110485,v20260313,official proxy / 100,Прокси: студенты программ бакалавриата/специалитета/магистратуры на 10000 человек населения / 100. Это не точный показатель 'доля занятого населения с высшим образованием'.
adygea,Республика Адыгея,2021,migration_growth,214.0,official,Регионы России. Социально-экономические показатели 2023,https://storage.yandexcloud.net/tochno-st-catalog/Rosstat/data_regions_collection_102_v20260313/data_01_socio_economic_102_v20260313.zip,Y477110197,v20260313,official,Коэффициент миграционного прироста на 10000 человек населения; в текущей коллекции ряд доступен до 2023 года.
adygea,Республика Адыгея,2021,roads_per_area,576.6,official,Регионы России. Социально-экономические показатели 2024,https://storage.yandexcloud.net/tochno-st-catalog/Rosstat/data_regions_collection_102_v20260313/data_16_socio_economic_102_v20260313.zip,Y477110295,v20260313,official,"Плотность автомобильных дорог общего пользования с твердым покрытием, км дорог на 1000 км2 территории."
adygea,Республика Адыгея,2021,rd_spending_pct_gdp,0.18,derived_from_official,Росстат / tochno.st,https://storage.yandexcloud.net/tochno-st-catalog/Rosstat/data_regions_collection_102_v20260313/data_18_socio_economic_102_v20260313.zip; https://storage.yandexcloud.net/tochno-st-catalog/Rosstat/data_regions_collection_102_v20260313/data_08_socio_economic_102_v20260313.zip,Y477110039; Y477110005,v20260313,computed from official source rows,Внутренние затраты на НИОКР / ВРП * 100. Для 2024 нужен официальный ВРП-2024.
adygea,Республика Адыгея,2021,emissions_per_gdp,0.05,derived_from_official,Росстат / tochno.st,https://storage.yandexcloud.net/tochno-st-catalog/Rosstat/data_regions_collection_102_v20260313/data_07_socio_economic_102_v20260313.zip; https://storage.yandexcloud.net/tochno-st-catalog/Rosstat/data_regions_collection_102_v20260313/data_08_socio_economic_102_v20260313.zip,Y477110053; Y477110005,v20260313,computed from official source rows,"Выбросы, тыс. тонн / ВРП, млрд руб. = тонн на 1 млн руб. ВРП. Для 2024 нужен официальный ВРП-2024."
adygea,Республика Адыгея,2022,unemployment_rate,7.1,official,Регионы России. Социально-экономические показатели 2024,https://storage.yandexcloud.net/tochno-st-catalog/Rosstat/data_regions_collection_102_v20260313/data_02_socio_economic_102_v20260313.zip,Y477110418,v20260313,official,"Уровень безработицы по данным выборочных обследований рабочей силы, %"
adygea,Республика Адыгея,2022,avg_salary,40.2,official,Регионы России. Социально-экономические показатели 2023,https://storage.yandexcloud.net/tochno-st-catalog/Rosstat/data_regions_collection_102_v20260313/data_03_socio_economic_102_v20260313.zip,Y477110378,v20260313,official / 1000,Среднемесячная номинальная начисленная зарплата работников организаций: руб. -> тыс. руб.
adygea,Республика Адыгея,2022,gdp_per_capita,384.6,official,Регионы России. Социально-экономические показатели 2025,https://storage.yandexcloud.net/tochno-st-catalog/Rosstat/data_regions_collection_102_v20260313/data_08_socio_economic_102_v20260313.zip,Y477110006,v20260313,official / 1000,ВРП на душу населения: руб. -> тыс. руб.; в текущей коллекции ряд доступен до 2023 года.
adygea,Республика Адыгея,2022,investment_per_capita,93.7,official,Регионы России. Социально-экономические показатели 2024,https://storage.yandexcloud.net/tochno-st-catalog/Rosstat/data_regions_collection_102_v20260313/data_10_socio_economic_102_v20260313.zip,Y477110108,v20260313,official / 1000,Инвестиции в основной капитал на душу населения: руб. -> тыс. руб.
adygea,Республика Адыгея,2022,poverty_rate,12.3,official,Регионы России. Социально-экономические показатели 2025,https://storage.yandexcloud.net/tochno-st-catalog/Rosstat/data_regions_collection_102_v20260313/data_03_socio_economic_102_v20260313.zip,Y477110463,v20260313,official,"Доля населения с денежными доходами ниже границы бедности / величины прожиточного минимума, %."
adygea,Республика Адыгея,2022,higher_education_share,2.9,official_proxy,Регионы России. Социально-экономические показатели 2023,https://storage.yandexcloud.net/tochno-st-catalog/Rosstat/data_regions_collection_102_v20260313/data_04_socio_economic_102_v20260313.zip,Y477110485,v20260313,official proxy / 100,Прокси: студенты программ бакалавриата/специалитета/магистратуры на 10000 человек населения / 100. Это не точный показатель 'доля занятого населения с высшим образованием'.
adygea,Республика Адыгея,2022,migration_growth,30.0,official,Регионы России. Социально-экономические показатели 2023,https://storage.yandexcloud.net/tochno-st-catalog/Rosstat/data_regions_collection_102_v20260313/data_01_socio_economic_102_v20260313.zip,Y477110197,v20260313,official,Коэффициент миграционного прироста на 10000 человек населения; в текущей коллекции ряд доступен до 2023 года.
adygea,Республика Адыгея,2022,roads_per_area,578.6,official,Регионы России. Социально-экономические показатели 2024,https://storage.yandexcloud.net/tochno-st-catalog/Rosstat/data_regions_collection_102_v20260313/data_16_socio_economic_102_v20260313.zip,Y477110295,v20260313,official,"Плотность автомобильных дорог общего пользования с твердым покрытием, км дорог на 1000 км2 территории."
adygea,Республика Адыгея,2022,rd_spending_pct_gdp,0.16,derived_from_official,Росстат / tochno.st,https://storage.yandexcloud.net/tochno-st-catalog/Rosstat/data_regions_collection_102_v20260313/data_18_socio_economic_102_v20260313.zip; https://storage.yandexcloud.net/tochno-st-catalog/Rosstat/data_regions_collection_102_v20260313/data_08_socio_economic_102_v20260313.zip,Y477110039; Y477110005,v20260313,computed from official source rows,Внутренние затраты на НИОКР / ВРП * 100. Для 2024 нужен официальный ВРП-2024.
adygea,Республика Адыгея,2022,emissions_per_gdp,0.09,derived_from_official,Росстат / tochno.st,https://storage.yandexcloud.net/tochno-st-catalog/Rosstat/data_regions_collection_102_v20260313/data_07_socio_economic_102_v20260313.zip; https://storage.yandexcloud.net/tochno-st-catalog/Rosstat/data_regions_collection_102_v20260313/data_08_socio_economic_102_v20260313.zip,Y477110053; Y477110005,v20260313,computed from official source rows,"Выбросы, тыс. тонн / ВРП, млрд руб. = тонн на 1 млн руб. ВРП. Для 2024 нужен официальный ВРП-2024."
adygea,Республика Адыгея,2023,unemployment_rate,4.0,official,Регионы России. Социально-экономические показатели 2024,https://storage.yandexcloud.net/tochno-st-catalog/Rosstat/data_regions_collection_102_v20260313/data_02_socio_economic_102_v20260313.zip,Y477110418,v20260313,official,"Уровень безработицы по данным выборочных обследований рабочей силы, %"
adygea,Республика Адыгея,2023,avg_salary,46.4,official,Регионы России. Социально-экономические показатели 2024,https://storage.yandexcloud.net/tochno-st-catalog/Rosstat/data_regions_collection_102_v20260313/data_03_socio_economic_102_v20260313.zip,Y477110378,v20260313,official / 1000,Среднемесячная номинальная начисленная зарплата работников организаций: руб. -> тыс. руб.
adygea,Республика Адыгея,2023,gdp_per_capita,446.7,official,Регионы России. Социально-экономические показатели 2025,https://storage.yandexcloud.net/tochno-st-catalog/Rosstat/data_regions_collection_102_v20260313/data_08_socio_economic_102_v20260313.zip,Y477110006,v20260313,official / 1000,ВРП на душу населения: руб. -> тыс. руб.; в текущей коллекции ряд доступен до 2023 года.
adygea,Республика Адыгея,2023,investment_per_capita,119.0,official,Регионы России. Социально-экономические показатели 2025,https://storage.yandexcloud.net/tochno-st-catalog/Rosstat/data_regions_collection_102_v20260313/data_10_socio_economic_102_v20260313.zip,Y477110108,v20260313,official / 1000,Инвестиции в основной капитал на душу населения: руб. -> тыс. руб.
adygea,Республика Адыгея,2023,poverty_rate,11.1,official,Регионы России. Социально-экономические показатели 2024,https://storage.yandexcloud.net/tochno-st-catalog/Rosstat/data_regions_collection_102_v20260313/data_03_socio_economic_102_v20260313.zip,Y477110463,v20260313,official,"Доля населения с денежными доходами ниже границы бедности / величины прожиточного минимума, %."
adygea,Республика Адыгея,2023,higher_education_share,3.0,official_proxy,Регионы России. Социально-экономические показатели 2024,https://storage.yandexcloud.net/tochno-st-catalog/Rosstat/data_regions_collection_102_v20260313/data_04_socio_economic_102_v20260313.zip,Y477110485,v20260313,official proxy / 100,Прокси: студенты программ бакалавриата/специалитета/магистратуры на 10000 человек населения / 100. Это не точный показатель 'доля занятого населения с высшим образованием'.
adygea,Республика Адыгея,2023,migration_growth,71.0,official,Регионы России. Социально-экономические показатели 2024,https://storage.yandexcloud.net/tochno-st-catalog/Rosstat/data_regions_collection_102_v20260313/data_01_socio_economic_102_v20260313.zip,Y477110197,v20260313,official,Коэффициент миграционного прироста на 10000 человек населения; в текущей коллекции ряд доступен до 2023 года.
adygea,Республика Адыгея,2023,roads_per_area,578.8,official,Регионы России. Социально-экономические показатели 2024,https://storage.yandexcloud.net/tochno-st-catalog/Rosstat/data_regions_collection_102_v20260313/data_16_socio_economic_102_v20260313.zip,Y477110295,v20260313,official,"Плотность автомобильных дорог общего пользования с твердым покрытием, км дорог на 1000 км2 территории."
adygea,Республика Адыгея,2023,rd_spending_pct_gdp,0.13,derived_from_official,Росстат / tochno.st,https://storage.yandexcloud.net/tochno-st-catalog/Rosstat/data_regions_collection_102_v20260313/data_18_socio_economic_102_v20260313.zip; https://storage.yandexcloud.net/tochno-st-catalog/Rosstat/data_regions_collection_102_v20260313/data_08_socio_economic_102_v20260313.zip,Y477110039; Y477110005,v20260313,computed from official source rows,Внутренние затраты на НИОКР / ВРП * 100. Для 2024 нужен официальный ВРП-2024.
adygea,Республика Адыгея,2023,emissions_per_gdp,0.09,derived_from_official,Росстат / tochno.st,https://storage.yandexcloud.net/tochno-st-catalog/Rosstat/data_regions_collection_102_v20260313/data_07_socio_economic_102_v20260313.zip; https://storage.yandexcloud.net/tochno-st-catalog/Rosstat/data_regions_collection_102_v20260313/data_08_socio_economic_102_v20260313.zip,Y477110053; Y477110005,v20260313,computed from official source rows,"Выбросы, тыс. тонн / ВРП, млрд руб. = тонн на 1 млн руб. ВРП. Для 2024 нужен официальный ВРП-2024."
adygea,Республика Адыгея,2024,unemployment_rate,2.6,official,Регионы России. Социально-экономические показатели 2025,https://storage.yandexcloud.net/tochno-st-catalog/Rosstat/data_regions_collection_102_v20260313/data_02_socio_economic_102_v20260313.zip,Y477110418,v20260313,official,"Уровень безработицы по данным выборочных обследований рабочей силы, %"
adygea,Республика Адыгея,2024,avg_salary,56.3,official,Регионы России. Социально-экономические показатели 2025,https://storage.yandexcloud.net/tochno-st-catalog/Rosstat/data_regions_collection_102_v20260313/data_03_socio_economic_102_v20260313.zip,Y477110378,v20260313,official / 1000,Среднемесячная номинальная начисленная зарплата работников организаций: руб. -> тыс. руб.
adygea,Республика Адыгея,2024,gdp_per_capita,,missing,Росстат / tochno.st,https://storage.yandexcloud.net/tochno-st-catalog/Rosstat/data_regions_collection_102_v20260313/data_08_socio_economic_102_v20260313.zip,Y477110006,,official / 1000,ВРП на душу населения: руб. -> тыс. руб.; в текущей коллекции ряд доступен до 2023 года.
adygea,Республика Адыгея,2024,investment_per_capita,137.7,official,Регионы России. Социально-экономические показатели 2025,https://storage.yandexcloud.net/tochno-st-catalog/Rosstat/data_regions_collection_102_v20260313/data_10_socio_economic_102_v20260313.zip,Y477110108,v20260313,official / 1000,Инвестиции в основной капитал на душу населения: руб. -> тыс. руб.
adygea,Республика Адыгея,2024,poverty_rate,8.6,official,Регионы России. Социально-экономические показатели 2025,https://storage.yandexcloud.net/tochno-st-catalog/Rosstat/data_regions_collection_102_v20260313/data_03_socio_economic_102_v20260313.zip,Y477110463,v20260313,official,"Доля населения с денежными доходами ниже границы бедности / величины прожиточного минимума, %."
adygea,Республика Адыгея,2024,higher_education_share,3.1,official_proxy,Регионы России. Социально-экономические показатели 2025,https://storage.yandexcloud.net/tochno-st-catalog/Rosstat/data_regions_collection_102_v20260313/data_04_socio_economic_102_v20260313.zip,Y477110485,v20260313,official proxy / 100,Прокси: студенты программ бакалавриата/специалитета/магистратуры на 10000 человек населения / 100. Это не точный показатель 'доля занятого населения с высшим образованием'.
adygea,Республика Адыгея,2024,migration_growth,,missing,Росстат / tochno.st,https://storage.yandexcloud.net/tochno-st-catalog/Rosstat/data_regions_collection_102_v20260313/data_01_socio_economic_102_v20260313.zip,Y477110197,,official,Коэффициент миграционного прироста на 10000 человек населения; в текущей коллекции ряд доступен до 2023 года.
adygea,Республика Адыгея,2024,roads_per_area,576.0,official,Регионы России. Социально-экономические показатели 2025,https://storage.yandexcloud.net/tochno-st-catalog/Rosstat/data_regions_collection_102_v20260313/data_16_socio_economic_102_v20260313.zip,Y477110295,v20260313,official,"Плотность автомобильных дорог общего пользования с твердым покрытием, км дорог на 1000 км2 территории."
adygea,Республика Адыгея,2024,rd_spending_pct_gdp,,missing,Росстат / tochno.st,https://storage.yandexcloud.net/tochno-st-catalog/Rosstat/data_regions_collection_102_v20260313/data_18_socio_economic_102_v20260313.zip; https://storage.yandexcloud.net/tochno-st-catalog/Rosstat/data_regions_collection_102_v20260313/data_08_socio_economic_102_v20260313.zip,Y477110039; Y477110005,v20260313,computed from official source rows,Внутренние затраты на НИОКР / ВРП * 100. Для 2024 нужен официальный ВРП-2024.
adygea,Республика Адыгея,2024,emissions_per_gdp,,missing,Росстат / tochno.st,https://storage.yandexcloud.net/tochno-st-catalog/Rosstat/data_regions_collection_102_v20260313/data_07_socio_economic_102_v20260313.zip; https://storage.yandexcloud.net/tochno-st-catalog/Rosstat/data_regions_collection_102_v20260313/data_08_socio_economic_102_v20260313.zip,Y477110053; Y477110005,v20260313,computed from official source rows,"Выбросы, тыс. тонн / ВРП, млрд руб. = тонн на 1 млн руб. ВРП. Для 2024 нужен официальный ВРП-2024."
stavropol,Ставропольский край,2020,unemployment_rate,6.2,official,Регионы России. Социально-экономические показатели 2024,https://storage.yandexcloud.net/tochno-st-catalog/Rosstat/data_regions_collection_102_v20260313/data_02_socio_economic_102_v20260313.zip,Y477110418,v20260313,official,"Уровень безработицы по данным выборочных обследований рабочей силы, %"
stavropol,Ставропольский край,2020,avg_salary,33.9,official,Регионы России. Социально-экономические показатели 2023,https://storage.yandexcloud.net/tochno-st-catalog/Rosstat/data_regions_collection_102_v20260313/data_03_socio_economic_102_v20260313.zip,Y477110378,v20260313,official / 1000,Среднемесячная номинальная начисленная зарплата работников организаций: руб. -> тыс. руб.
stavropol,Ставропольский край,2020,gdp_per_capita,291.6,official,Регионы России. Социально-экономические показатели 2024,https://storage.yandexcloud.net/tochno-st-catalog/Rosstat/data_regions_collection_102_v20260313/data_08_socio_economic_102_v20260313.zip,Y477110006,v20260313,official / 1000,ВРП на душу населения: руб. -> тыс. руб.; в текущей коллекции ряд доступен до 2023 года.
stavropol,Ставропольский край,2020,investment_per_capita,80.0,official,Регионы России. Социально-экономические показатели 2024,https://storage.yandexcloud.net/tochno-st-catalog/Rosstat/data_regions_collection_102_v20260313/data_10_socio_economic_102_v20260313.zip,Y477110108,v20260313,official / 1000,Инвестиции в основной капитал на душу населения: руб. -> тыс. руб.
stavropol,Ставропольский край,2020,poverty_rate,14.3,official,Регионы России. Социально-экономические показатели 2025,https://storage.yandexcloud.net/tochno-st-catalog/Rosstat/data_regions_collection_102_v20260313/data_03_socio_economic_102_v20260313.zip,Y477110463,v20260313,official,"Доля населения с денежными доходами ниже границы бедности / величины прожиточного минимума, %."
stavropol,Ставропольский край,2020,higher_education_share,2.3,official_proxy,Регионы России. Социально-экономические показатели 2024,https://storage.yandexcloud.net/tochno-st-catalog/Rosstat/data_regions_collection_102_v20260313/data_04_socio_economic_102_v20260313.zip,Y477110485,v20260313,official proxy / 100,Прокси: студенты программ бакалавриата/специалитета/магистратуры на 10000 человек населения / 100. Это не точный показатель 'доля занятого населения с высшим образованием'.
stavropol,Ставропольский край,2020,migration_growth,32.0,official,Регионы России. Социально-экономические показатели 2023,https://storage.yandexcloud.net/tochno-st-catalog/Rosstat/data_regions_collection_102_v20260313/data_01_socio_economic_102_v20260313.zip,Y477110197,v20260313,official,Коэффициент миграционного прироста на 10000 человек населения; в текущей коллекции ряд доступен до 2023 года.
stavropol,Ставропольский край,2020,roads_per_area,275.5,official,Регионы России. Социально-экономические показатели 2024,https://storage.yandexcloud.net/tochno-st-catalog/Rosstat/data_regions_collection_102_v20260313/data_16_socio_economic_102_v20260313.zip,Y477110295,v20260313,official,"Плотность автомобильных дорог общего пользования с твердым покрытием, км дорог на 1000 км2 территории."
stavropol,Ставропольский край,2020,rd_spending_pct_gdp,0.26,derived_from_official,Росстат / tochno.st,https://storage.yandexcloud.net/tochno-st-catalog/Rosstat/data_regions_collection_102_v20260313/data_18_socio_economic_102_v20260313.zip; https://storage.yandexcloud.net/tochno-st-catalog/Rosstat/data_regions_collection_102_v20260313/data_08_socio_economic_102_v20260313.zip,Y477110039; Y477110005,v20260313,computed from official source rows,Внутренние затраты на НИОКР / ВРП * 100. Для 2024 нужен официальный ВРП-2024.
stavropol,Ставропольский край,2020,emissions_per_gdp,0.13,derived_from_official,Росстат / tochno.st,https://storage.yandexcloud.net/tochno-st-catalog/Rosstat/data_regions_collection_102_v20260313/data_07_socio_economic_102_v20260313.zip; https://storage.yandexcloud.net/tochno-st-catalog/Rosstat/data_regions_collection_102_v20260313/data_08_socio_economic_102_v20260313.zip,Y477110053; Y477110005,v20260313,computed from official source rows,"Выбросы, тыс. тонн / ВРП, млрд руб. = тонн на 1 млн руб. ВРП. Для 2024 нужен официальный ВРП-2024."
stavropol,Ставропольский край,2021,unemployment_rate,5.3,official,Регионы России. Социально-экономические показатели 2024,https://storage.yandexcloud.net/tochno-st-catalog/Rosstat/data_regions_collection_102_v20260313/data_02_socio_economic_102_v20260313.zip,Y477110418,v20260313,official,"Уровень безработицы по данным выборочных обследований рабочей силы, %"
stavropol,Ставропольский край,2021,avg_salary,37.4,official,Регионы России. Социально-экономические показатели 2023,https://storage.yandexcloud.net/tochno-st-catalog/Rosstat/data_regions_collection_102_v20260313/data_03_socio_economic_102_v20260313.zip,Y477110378,v20260313,official / 1000,Среднемесячная номинальная начисленная зарплата работников организаций: руб. -> тыс. руб.
stavropol,Ставропольский край,2021,gdp_per_capita,357.5,official,Регионы России. Социально-экономические показатели 2024,https://storage.yandexcloud.net/tochno-st-catalog/Rosstat/data_regions_collection_102_v20260313/data_08_socio_economic_102_v20260313.zip,Y477110006,v20260313,official / 1000,ВРП на душу населения: руб. -> тыс. руб.; в текущей коллекции ряд доступен до 2023 года.
stavropol,Ставропольский край,2021,investment_per_capita,87.5,official,Регионы России. Социально-экономические показатели 2024,https://storage.yandexcloud.net/tochno-st-catalog/Rosstat/data_regions_collection_102_v20260313/data_10_socio_economic_102_v20260313.zip,Y477110108,v20260313,official / 1000,Инвестиции в основной капитал на душу населения: руб. -> тыс. руб.
stavropol,Ставропольский край,2021,poverty_rate,13.5,official,Регионы России. Социально-экономические показатели 2025,https://storage.yandexcloud.net/tochno-st-catalog/Rosstat/data_regions_collection_102_v20260313/data_03_socio_economic_102_v20260313.zip,Y477110463,v20260313,official,"Доля населения с денежными доходами ниже границы бедности / величины прожиточного минимума, %."
stavropol,Ставропольский край,2021,higher_education_share,2.2,official_proxy,Регионы России. Социально-экономические показатели 2024,https://storage.yandexcloud.net/tochno-st-catalog/Rosstat/data_regions_collection_102_v20260313/data_04_socio_economic_102_v20260313.zip,Y477110485,v20260313,official proxy / 100,Прокси: студенты программ бакалавриата/специалитета/магистратуры на 10000 человек населения / 100. Это не точный показатель 'доля занятого населения с высшим образованием'.
stavropol,Ставропольский край,2021,migration_growth,48.0,official,Регионы России. Социально-экономические показатели 2023,https://storage.yandexcloud.net/tochno-st-catalog/Rosstat/data_regions_collection_102_v20260313/data_01_socio_economic_102_v20260313.zip,Y477110197,v20260313,official,Коэффициент миграционного прироста на 10000 человек населения; в текущей коллекции ряд доступен до 2023 года.
stavropol,Ставропольский край,2021,roads_per_area,276.5,official,Регионы России. Социально-экономические показатели 2024,https://storage.yandexcloud.net/tochno-st-catalog/Rosstat/data_regions_collection_102_v20260313/data_16_socio_economic_102_v20260313.zip,Y477110295,v20260313,official,"Плотность автомобильных дорог общего пользования с твердым покрытием, км дорог на 1000 км2 территории."
stavropol,Ставропольский край,2021,rd_spending_pct_gdp,0.26,derived_from_official,Росстат / tochno.st,https://storage.yandexcloud.net/tochno-st-catalog/Rosstat/data_regions_collection_102_v20260313/data_18_socio_economic_102_v20260313.zip; https://storage.yandexcloud.net/tochno-st-catalog/Rosstat/data_regions_collection_102_v20260313/data_08_socio_economic_102_v20260313.zip,Y477110039; Y477110005,v20260313,computed from official source rows,Внутренние затраты на НИОКР / ВРП * 100. Для 2024 нужен официальный ВРП-2024.
stavropol,Ставропольский край,2021,emissions_per_gdp,0.12,derived_from_official,Росстат / tochno.st,https://storage.yandexcloud.net/tochno-st-catalog/Rosstat/data_regions_collection_102_v20260313/data_07_socio_economic_102_v20260313.zip; https://storage.yandexcloud.net/tochno-st-catalog/Rosstat/data_regions_collection_102_v20260313/data_08_socio_economic_102_v20260313.zip,Y477110053; Y477110005,v20260313,computed from official source rows,"Выбросы, тыс. тонн / ВРП, млрд руб. = тонн на 1 млн руб. ВРП. Для 2024 нужен официальный ВРП-2024."
stavropol,Ставропольский край,2022,unemployment_rate,4.3,official,Регионы России. Социально-экономические показатели 2024,https://storage.yandexcloud.net/tochno-st-catalog/Rosstat/data_regions_collection_102_v20260313/data_02_socio_economic_102_v20260313.zip,Y477110418,v20260313,official,"Уровень безработицы по данным выборочных обследований рабочей силы, %"
stavropol,Ставропольский край,2022,avg_salary,41.4,official,Регионы России. Социально-экономические показатели 2023,https://storage.yandexcloud.net/tochno-st-catalog/Rosstat/data_regions_collection_102_v20260313/data_03_socio_economic_102_v20260313.zip,Y477110378,v20260313,official / 1000,Среднемесячная номинальная начисленная зарплата работников организаций: руб. -> тыс. руб.
stavropol,Ставропольский край,2022,gdp_per_capita,406.6,official,Регионы России. Социально-экономические показатели 2025,https://storage.yandexcloud.net/tochno-st-catalog/Rosstat/data_regions_collection_102_v20260313/data_08_socio_economic_102_v20260313.zip,Y477110006,v20260313,official / 1000,ВРП на душу населения: руб. -> тыс. руб.; в текущей коллекции ряд доступен до 2023 года.
stavropol,Ставропольский край,2022,investment_per_capita,98.9,official,Регионы России. Социально-экономические показатели 2023,https://storage.yandexcloud.net/tochno-st-catalog/Rosstat/data_regions_collection_102_v20260313/data_10_socio_economic_102_v20260313.zip,Y477110108,v20260313,official / 1000,Инвестиции в основной капитал на душу населения: руб. -> тыс. руб.
stavropol,Ставропольский край,2022,poverty_rate,11.2,official,Регионы России. Социально-экономические показатели 2025,https://storage.yandexcloud.net/tochno-st-catalog/Rosstat/data_regions_collection_102_v20260313/data_03_socio_economic_102_v20260313.zip,Y477110463,v20260313,official,"Доля населения с денежными доходами ниже границы бедности / величины прожиточного минимума, %."
stavropol,Ставропольский край,2022,higher_education_share,2.2,official_proxy,Регионы России. Социально-экономические показатели 2023,https://storage.yandexcloud.net/tochno-st-catalog/Rosstat/data_regions_collection_102_v20260313/data_04_socio_economic_102_v20260313.zip,Y477110485,v20260313,official proxy / 100,Прокси: студенты программ бакалавриата/специалитета/магистратуры на 10000 человек населения / 100. Это не точный показатель 'доля занятого населения с высшим образованием'.
stavropol,Ставропольский край,2022,migration_growth,-10.0,official,Регионы России. Социально-экономические показатели 2023,https://storage.yandexcloud.net/tochno-st-catalog/Rosstat/data_regions_collection_102_v20260313/data_01_socio_economic_102_v20260313.zip,Y477110197,v20260313,official,Коэффициент миграционного прироста на 10000 человек населения; в текущей коллекции ряд доступен до 2023 года.
stavropol,Ставропольский край,2022,roads_per_area,277.2,official,Регионы России. Социально-экономические показатели 2024,https://storage.yandexcloud.net/tochno-st-catalog/Rosstat/data_regions_collection_102_v20260313/data_16_socio_economic_102_v20260313.zip,Y477110295,v20260313,official,"Плотность автомобильных дорог общего пользования с твердым покрытием, км дорог на 1000 км2 территории."
stavropol,Ставропольский край,2022,rd_spending_pct_gdp,0.27,derived_from_official,Росстат / tochno.st,https://storage.yandexcloud.net/tochno-st-catalog/Rosstat/data_regions_collection_102_v20260313/data_18_socio_economic_102_v20260313.zip; https://storage.yandexcloud.net/tochno-st-catalog/Rosstat/data_regions_collection_102_v20260313/data_08_socio_economic_102_v20260313.zip,Y477110039; Y477110005,v20260313,computed from official source rows,Внутренние затраты на НИОКР / ВРП * 100. Для 2024 нужен официальный ВРП-2024.
stavropol,Ставропольский край,2022,emissions_per_gdp,0.09,derived_from_official,Росстат / tochno.st,https://storage.yandexcloud.net/tochno-st-catalog/Rosstat/data_regions_collection_102_v20260313/data_07_socio_economic_102_v20260313.zip; https://storage.yandexcloud.net/tochno-st-catalog/Rosstat/data_regions_collection_102_v20260313/data_08_socio_economic_102_v20260313.zip,Y477110053; Y477110005,v20260313,computed from official source rows,"Выбросы, тыс. тонн / ВРП, млрд руб. = тонн на 1 млн руб. ВРП. Для 2024 нужен официальный ВРП-2024."
stavropol,Ставропольский край,2023,unemployment_rate,3.8,official,Регионы России. Социально-экономические показатели 2024,https://storage.yandexcloud.net/tochno-st-catalog/Rosstat/data_regions_collection_102_v20260313/data_02_socio_economic_102_v20260313.zip,Y477110418,v20260313,official,"Уровень безработицы по данным выборочных обследований рабочей силы, %"
stavropol,Ставропольский край,2023,avg_salary,47.1,official,Регионы России. Социально-экономические показатели 2024,https://storage.yandexcloud.net/tochno-st-catalog/Rosstat/data_regions_collection_102_v20260313/data_03_socio_economic_102_v20260313.zip,Y477110378,v20260313,official / 1000,Среднемесячная номинальная начисленная зарплата работников организаций: руб. -> тыс. руб.
stavropol,Ставропольский край,2023,gdp_per_capita,464.2,official,Регионы России. Социально-экономические показатели 2025,https://storage.yandexcloud.net/tochno-st-catalog/Rosstat/data_regions_collection_102_v20260313/data_08_socio_economic_102_v20260313.zip,Y477110006,v20260313,official / 1000,ВРП на душу населения: руб. -> тыс. руб.; в текущей коллекции ряд доступен до 2023 года.
stavropol,Ставропольский край,2023,investment_per_capita,119.3,official,Регионы России. Социально-экономические показатели 2025,https://storage.yandexcloud.net/tochno-st-catalog/Rosstat/data_regions_collection_102_v20260313/data_10_socio_economic_102_v20260313.zip,Y477110108,v20260313,official / 1000,Инвестиции в основной капитал на душу населения: руб. -> тыс. руб.
stavropol,Ставропольский край,2023,poverty_rate,11.0,official,Регионы России. Социально-экономические показатели 2025,https://storage.yandexcloud.net/tochno-st-catalog/Rosstat/data_regions_collection_102_v20260313/data_03_socio_economic_102_v20260313.zip,Y477110463,v20260313,official,"Доля населения с денежными доходами ниже границы бедности / величины прожиточного минимума, %."
stavropol,Ставропольский край,2023,higher_education_share,2.3,official_proxy,Регионы России. Социально-экономические показатели 2024,https://storage.yandexcloud.net/tochno-st-catalog/Rosstat/data_regions_collection_102_v20260313/data_04_socio_economic_102_v20260313.zip,Y477110485,v20260313,official proxy / 100,Прокси: студенты программ бакалавриата/специалитета/магистратуры на 10000 человек населения / 100. Это не точный показатель 'доля занятого населения с высшим образованием'.
stavropol,Ставропольский край,2023,migration_growth,5.0,official,Регионы России. Социально-экономические показатели 2024,https://storage.yandexcloud.net/tochno-st-catalog/Rosstat/data_regions_collection_102_v20260313/data_01_socio_economic_102_v20260313.zip,Y477110197,v20260313,official,Коэффициент миграционного прироста на 10000 человек населения; в текущей коллекции ряд доступен до 2023 года.
stavropol,Ставропольский край,2023,roads_per_area,280.7,official,Регионы России. Социально-экономические показатели 2024,https://storage.yandexcloud.net/tochno-st-catalog/Rosstat/data_regions_collection_102_v20260313/data_16_socio_economic_102_v20260313.zip,Y477110295,v20260313,official,"Плотность автомобильных дорог общего пользования с твердым покрытием, км дорог на 1000 км2 территории."
stavropol,Ставропольский край,2023,rd_spending_pct_gdp,0.31,derived_from_official,Росстат / tochno.st,https://storage.yandexcloud.net/tochno-st-catalog/Rosstat/data_regions_collection_102_v20260313/data_18_socio_economic_102_v20260313.zip; https://storage.yandexcloud.net/tochno-st-catalog/Rosstat/data_regions_collection_102_v20260313/data_08_socio_economic_102_v20260313.zip,Y477110039; Y477110005,v20260313,computed from official source rows,Внутренние затраты на НИОКР / ВРП * 100. Для 2024 нужен официальный ВРП-2024.
stavropol,Ставропольский край,2023,emissions_per_gdp,0.07,derived_from_official,Росстат / tochno.st,https://storage.yandexcloud.net/tochno-st-catalog/Rosstat/data_regions_collection_102_v20260313/data_07_socio_economic_102_v20260313.zip; https://storage.yandexcloud.net/tochno-st-catalog/Rosstat/data_regions_collection_102_v20260313/data_08_socio_economic_102_v20260313.zip,Y477110053; Y477110005,v20260313,computed from official source rows,"Выбросы, тыс. тонн / ВРП, млрд руб. = тонн на 1 млн руб. ВРП. Для 2024 нужен официальный ВРП-2024."
stavropol,Ставропольский край,2024,unemployment_rate,3.4,official,Регионы России. Социально-экономические показатели 2025,https://storage.yandexcloud.net/tochno-st-catalog/Rosstat/data_regions_collection_102_v20260313/data_02_socio_economic_102_v20260313.zip,Y477110418,v20260313,official,"Уровень безработицы по данным выборочных обследований рабочей силы, %"
stavropol,Ставропольский край,2024,avg_salary,57.2,official,Регионы России. Социально-экономические показатели 2025,https://storage.yandexcloud.net/tochno-st-catalog/Rosstat/data_regions_collection_102_v20260313/data_03_socio_economic_102_v20260313.zip,Y477110378,v20260313,official / 1000,Среднемесячная номинальная начисленная зарплата работников организаций: руб. -> тыс. руб.
stavropol,Ставропольский край,2024,gdp_per_capita,,missing,Росстат / tochno.st,https://storage.yandexcloud.net/tochno-st-catalog/Rosstat/data_regions_collection_102_v20260313/data_08_socio_economic_102_v20260313.zip,Y477110006,,official / 1000,ВРП на душу населения: руб. -> тыс. руб.; в текущей коллекции ряд доступен до 2023 года.
stavropol,Ставропольский край,2024,investment_per_capita,133.0,official,Регионы России. Социально-экономические показатели 2025,https://storage.yandexcloud.net/tochno-st-catalog/Rosstat/data_regions_collection_102_v20260313/data_10_socio_economic_102_v20260313.zip,Y477110108,v20260313,official / 1000,Инвестиции в основной капитал на душу населения: руб. -> тыс. руб.
stavropol,Ставропольский край,2024,poverty_rate,9.3,official,Регионы России. Социально-экономические показатели 2025,https://storage.yandexcloud.net/tochno-st-catalog/Rosstat/data_regions_collection_102_v20260313/data_03_socio_economic_102_v20260313.zip,Y477110463,v20260313,official,"Доля населения с денежными доходами ниже границы бедности / величины прожиточного минимума, %."
stavropol,Ставропольский край,2024,higher_education_share,2.4,official_proxy,Регионы России. Социально-экономические показатели 2025,https://storage.yandexcloud.net/tochno-st-catalog/Rosstat/data_regions_collection_102_v20260313/data_04_socio_economic_102_v20260313.zip,Y477110485,v20260313,official proxy / 100,Прокси: студенты программ бакалавриата/специалитета/магистратуры на 10000 человек населения / 100. Это не точный показатель 'доля занятого населения с высшим образованием'.
stavropol,Ставропольский край,2024,migration_growth,,missing,Росстат / tochno.st,https://storage.yandexcloud.net/tochno-st-catalog/Rosstat/data_regions_collection_102_v20260313/data_01_socio_economic_102_v20260313.zip,Y477110197,,official,Коэффициент миграционного прироста на 10000 человек населения; в текущей коллекции ряд доступен до 2023 года.
stavropol,Ставропольский край,2024,roads_per_area,281.6,official,Регионы России. Социально-экономические показатели 2025,https://storage.yandexcloud.net/tochno-st-catalog/Rosstat/data_regions_collection_102_v20260313/data_16_socio_economic_102_v20260313.zip,Y477110295,v20260313,official,"Плотность автомобильных дорог общего пользования с твердым покрытием, км дорог на 1000 км2 территории."
stavropol,Ставропольский край,2024,rd_spending_pct_gdp,,missing,Росстат / tochno.st,https://storage.yandexcloud.net/tochno-st-catalog/Rosstat/data_regions_collection_102_v20260313/data_18_socio_economic_102_v20260313.zip; https://storage.yandexcloud.net/tochno-st-catalog/Rosstat/data_regions_collection_102_v20260313/data_08_socio_economic_102_v20260313.zip,Y477110039; Y477110005,v20260313,computed from official source rows,Внутренние затраты на НИОКР / ВРП * 100. Для 2024 нужен официальный ВРП-2024.
stavropol,Ставропольский край,2024,emissions_per_gdp,,missing,Росстат / tochno.st,https://storage.yandexcloud.net/tochno-st-catalog/Rosstat/data_regions_collection_102_v20260313/data_07_socio_economic_102_v20260313.zip; https://storage.yandexcloud.net/tochno-st-catalog/Rosstat/data_regions_collection_102_v20260313/data_08_socio_economic_102_v20260313.zip,Y477110053; Y477110005,v20260313,computed from official source rows,"Выбросы, тыс. тонн / ВРП, млрд руб. = тонн на 1 млн руб. ВРП. Для 2024 нужен официальный ВРП-2024."
dagestan,Республика Дагестан,2020,unemployment_rate,15.7,official,Регионы России. Социально-экономические показатели 2023,https://storage.yandexcloud.net/tochno-st-catalog/Rosstat/data_regions_collection_102_v20260313/data_02_socio_economic_102_v20260313.zip,Y477110418,v20260313,official,"Уровень безработицы по данным выборочных обследований рабочей силы, %"
dagestan,Республика Дагестан,2020,avg_salary,31.3,official,Регионы России. Социально-экономические показатели 2023,https://storage.yandexcloud.net/tochno-st-catalog/Rosstat/data_regions_collection_102_v20260313/data_03_socio_economic_102_v20260313.zip,Y477110378,v20260313,official / 1000,Среднемесячная номинальная начисленная зарплата работников организаций: руб. -> тыс. руб.
dagestan,Республика Дагестан,2020,gdp_per_capita,235.0,official,Регионы России. Социально-экономические показатели 2024,https://storage.yandexcloud.net/tochno-st-catalog/Rosstat/data_regions_collection_102_v20260313/data_08_socio_economic_102_v20260313.zip,Y477110006,v20260313,official / 1000,ВРП на душу населения: руб. -> тыс. руб.; в текущей коллекции ряд доступен до 2023 года.
dagestan,Республика Дагестан,2020,investment_per_capita,86.7,official,Регионы России. Социально-экономические показатели 2024,https://storage.yandexcloud.net/tochno-st-catalog/Rosstat/data_regions_collection_102_v20260313/data_10_socio_economic_102_v20260313.zip,Y477110108,v20260313,official / 1000,Инвестиции в основной капитал на душу населения: руб. -> тыс. руб.
dagestan,Республика Дагестан,2020,poverty_rate,14.8,official,Регионы России. Социально-экономические показатели 2024,https://storage.yandexcloud.net/tochno-st-catalog/Rosstat/data_regions_collection_102_v20260313/data_03_socio_economic_102_v20260313.zip,Y477110463,v20260313,official,"Доля населения с денежными доходами ниже границы бедности / величины прожиточного минимума, %."
dagestan,Республика Дагестан,2020,higher_education_share,1.6,official_proxy,Регионы России. Социально-экономические показатели 2024,https://storage.yandexcloud.net/tochno-st-catalog/Rosstat/data_regions_collection_102_v20260313/data_04_socio_economic_102_v20260313.zip,Y477110485,v20260313,official proxy / 100,Прокси: студенты программ бакалавриата/специалитета/магистратуры на 10000 человек населения / 100. Это не точный показатель 'доля занятого населения с высшим образованием'.
dagestan,Республика Дагестан,2020,migration_growth,-11.0,official,Регионы России. Социально-экономические показатели 2023,https://storage.yandexcloud.net/tochno-st-catalog/Rosstat/data_regions_collection_102_v20260313/data_01_socio_economic_102_v20260313.zip,Y477110197,v20260313,official,Коэффициент миграционного прироста на 10000 человек населения; в текущей коллекции ряд доступен до 2023 года.
dagestan,Республика Дагестан,2020,roads_per_area,420.8,official,Регионы России. Социально-экономические показатели 2024,https://storage.yandexcloud.net/tochno-st-catalog/Rosstat/data_regions_collection_102_v20260313/data_16_socio_economic_102_v20260313.zip,Y477110295,v20260313,official,"Плотность автомобильных дорог общего пользования с твердым покрытием, км дорог на 1000 км2 территории."
dagestan,Республика Дагестан,2020,rd_spending_pct_gdp,0.17,derived_from_official,Росстат / tochno.st,https://storage.yandexcloud.net/tochno-st-catalog/Rosstat/data_regions_collection_102_v20260313/data_18_socio_economic_102_v20260313.zip; https://storage.yandexcloud.net/tochno-st-catalog/Rosstat/data_regions_collection_102_v20260313/data_08_socio_economic_102_v20260313.zip,Y477110039; Y477110005,v20260313,computed from official source rows,Внутренние затраты на НИОКР / ВРП * 100. Для 2024 нужен официальный ВРП-2024.
dagestan,Республика Дагестан,2020,emissions_per_gdp,0.01,derived_from_official,Росстат / tochno.st,https://storage.yandexcloud.net/tochno-st-catalog/Rosstat/data_regions_collection_102_v20260313/data_07_socio_economic_102_v20260313.zip; https://storage.yandexcloud.net/tochno-st-catalog/Rosstat/data_regions_collection_102_v20260313/data_08_socio_economic_102_v20260313.zip,Y477110053; Y477110005,v20260313,computed from official source rows,"Выбросы, тыс. тонн / ВРП, млрд руб. = тонн на 1 млн руб. ВРП. Для 2024 нужен официальный ВРП-2024."
dagestan,Республика Дагестан,2021,unemployment_rate,15.1,official,Регионы России. Социально-экономические показатели 2023,https://storage.yandexcloud.net/tochno-st-catalog/Rosstat/data_regions_collection_102_v20260313/data_02_socio_economic_102_v20260313.zip,Y477110418,v20260313,official,"Уровень безработицы по данным выборочных обследований рабочей силы, %"
dagestan,Республика Дагестан,2021,avg_salary,31.9,official,Регионы России. Социально-экономические показатели 2023,https://storage.yandexcloud.net/tochno-st-catalog/Rosstat/data_regions_collection_102_v20260313/data_03_socio_economic_102_v20260313.zip,Y477110378,v20260313,official / 1000,Среднемесячная номинальная начисленная зарплата работников организаций: руб. -> тыс. руб.
dagestan,Республика Дагестан,2021,gdp_per_capita,252.7,official,Регионы России. Социально-экономические показатели 2024,https://storage.yandexcloud.net/tochno-st-catalog/Rosstat/data_regions_collection_102_v20260313/data_08_socio_economic_102_v20260313.zip,Y477110006,v20260313,official / 1000,ВРП на душу населения: руб. -> тыс. руб.; в текущей коллекции ряд доступен до 2023 года.
dagestan,Республика Дагестан,2021,investment_per_capita,81.0,official,Регионы России. Социально-экономические показатели 2024,https://storage.yandexcloud.net/tochno-st-catalog/Rosstat/data_regions_collection_102_v20260313/data_10_socio_economic_102_v20260313.zip,Y477110108,v20260313,official / 1000,Инвестиции в основной капитал на душу населения: руб. -> тыс. руб.
dagestan,Республика Дагестан,2021,poverty_rate,14.9,official,Регионы России. Социально-экономические показатели 2025,https://storage.yandexcloud.net/tochno-st-catalog/Rosstat/data_regions_collection_102_v20260313/data_03_socio_economic_102_v20260313.zip,Y477110463,v20260313,official,"Доля населения с денежными доходами ниже границы бедности / величины прожиточного минимума, %."
dagestan,Республика Дагестан,2021,higher_education_share,1.6,official_proxy,Регионы России. Социально-экономические показатели 2024,https://storage.yandexcloud.net/tochno-st-catalog/Rosstat/data_regions_collection_102_v20260313/data_04_socio_economic_102_v20260313.zip,Y477110485,v20260313,official proxy / 100,Прокси: студенты программ бакалавриата/специалитета/магистратуры на 10000 человек населения / 100. Это не точный показатель 'доля занятого населения с высшим образованием'.
dagestan,Республика Дагестан,2021,migration_growth,-6.0,official,Регионы России. Социально-экономические показатели 2023,https://storage.yandexcloud.net/tochno-st-catalog/Rosstat/data_regions_collection_102_v20260313/data_01_socio_economic_102_v20260313.zip,Y477110197,v20260313,official,Коэффициент миграционного прироста на 10000 человек населения; в текущей коллекции ряд доступен до 2023 года.
dagestan,Республика Дагестан,2021,roads_per_area,443.0,official,Регионы России. Социально-экономические показатели 2024,https://storage.yandexcloud.net/tochno-st-catalog/Rosstat/data_regions_collection_102_v20260313/data_16_socio_economic_102_v20260313.zip,Y477110295,v20260313,official,"Плотность автомобильных дорог общего пользования с твердым покрытием, км дорог на 1000 км2 территории."
dagestan,Республика Дагестан,2021,rd_spending_pct_gdp,0.16,derived_from_official,Росстат / tochno.st,https://storage.yandexcloud.net/tochno-st-catalog/Rosstat/data_regions_collection_102_v20260313/data_18_socio_economic_102_v20260313.zip; https://storage.yandexcloud.net/tochno-st-catalog/Rosstat/data_regions_collection_102_v20260313/data_08_socio_economic_102_v20260313.zip,Y477110039; Y477110005,v20260313,computed from official source rows,Внутренние затраты на НИОКР / ВРП * 100. Для 2024 нужен официальный ВРП-2024.
dagestan,Республика Дагестан,2021,emissions_per_gdp,0.01,derived_from_official,Росстат / tochno.st,https://storage.yandexcloud.net/tochno-st-catalog/Rosstat/data_regions_collection_102_v20260313/data_07_socio_economic_102_v20260313.zip; https://storage.yandexcloud.net/tochno-st-catalog/Rosstat/data_regions_collection_102_v20260313/data_08_socio_economic_102_v20260313.zip,Y477110053; Y477110005,v20260313,computed from official source rows,"Выбросы, тыс. тонн / ВРП, млрд руб. = тонн на 1 млн руб. ВРП. Для 2024 нужен официальный ВРП-2024."
dagestan,Республика Дагестан,2022,unemployment_rate,12.1,official,Регионы России. Социально-экономические показатели 2024,https://storage.yandexcloud.net/tochno-st-catalog/Rosstat/data_regions_collection_102_v20260313/data_02_socio_economic_102_v20260313.zip,Y477110418,v20260313,official,"Уровень безработицы по данным выборочных обследований рабочей силы, %"
dagestan,Республика Дагестан,2022,avg_salary,35.1,official,Регионы России. Социально-экономические показатели 2023,https://storage.yandexcloud.net/tochno-st-catalog/Rosstat/data_regions_collection_102_v20260313/data_03_socio_economic_102_v20260313.zip,Y477110378,v20260313,official / 1000,Среднемесячная номинальная начисленная зарплата работников организаций: руб. -> тыс. руб.
dagestan,Республика Дагестан,2022,gdp_per_capita,274.2,official,Регионы России. Социально-экономические показатели 2025,https://storage.yandexcloud.net/tochno-st-catalog/Rosstat/data_regions_collection_102_v20260313/data_08_socio_economic_102_v20260313.zip,Y477110006,v20260313,official / 1000,ВРП на душу населения: руб. -> тыс. руб.; в текущей коллекции ряд доступен до 2023 года.
dagestan,Республика Дагестан,2022,investment_per_capita,94.5,official,Регионы России. Социально-экономические показатели 2024,https://storage.yandexcloud.net/tochno-st-catalog/Rosstat/data_regions_collection_102_v20260313/data_10_socio_economic_102_v20260313.zip,Y477110108,v20260313,official / 1000,Инвестиции в основной капитал на душу населения: руб. -> тыс. руб.
dagestan,Республика Дагестан,2022,poverty_rate,12.7,official,Регионы России. Социально-экономические показатели 2025,https://storage.yandexcloud.net/tochno-st-catalog/Rosstat/data_regions_collection_102_v20260313/data_03_socio_economic_102_v20260313.zip,Y477110463,v20260313,official,"Доля населения с денежными доходами ниже границы бедности / величины прожиточного минимума, %."
dagestan,Республика Дагестан,2022,higher_education_share,1.7,official_proxy,Регионы России. Социально-экономические показатели 2023,https://storage.yandexcloud.net/tochno-st-catalog/Rosstat/data_regions_collection_102_v20260313/data_04_socio_economic_102_v20260313.zip,Y477110485,v20260313,official proxy / 100,Прокси: студенты программ бакалавриата/специалитета/магистратуры на 10000 человек населения / 100. Это не точный показатель 'доля занятого населения с высшим образованием'.
dagestan,Республика Дагестан,2022,migration_growth,-11.0,official,Регионы России. Социально-экономические показатели 2023,https://storage.yandexcloud.net/tochno-st-catalog/Rosstat/data_regions_collection_102_v20260313/data_01_socio_economic_102_v20260313.zip,Y477110197,v20260313,official,Коэффициент миграционного прироста на 10000 человек населения; в текущей коллекции ряд доступен до 2023 года.
dagestan,Республика Дагестан,2022,roads_per_area,453.0,official,Регионы России. Социально-экономические показатели 2024,https://storage.yandexcloud.net/tochno-st-catalog/Rosstat/data_regions_collection_102_v20260313/data_16_socio_economic_102_v20260313.zip,Y477110295,v20260313,official,"Плотность автомобильных дорог общего пользования с твердым покрытием, км дорог на 1000 км2 территории."
dagestan,Республика Дагестан,2022,rd_spending_pct_gdp,0.14,derived_from_official,Росстат / tochno.st,https://storage.yandexcloud.net/tochno-st-catalog/Rosstat/data_regions_collection_102_v20260313/data_18_socio_economic_102_v20260313.zip; https://storage.yandexcloud.net/tochno-st-catalog/Rosstat/data_regions_collection_102_v20260313/data_08_socio_economic_102_v20260313.zip,Y477110039; Y477110005,v20260313,computed from official source rows,Внутренние затраты на НИОКР / ВРП * 100. Для 2024 нужен официальный ВРП-2024.
dagestan,Республика Дагестан,2022,emissions_per_gdp,0.01,derived_from_official,Росстат / tochno.st,https://storage.yandexcloud.net/tochno-st-catalog/Rosstat/data_regions_collection_102_v20260313/data_07_socio_economic_102_v20260313.zip; https://storage.yandexcloud.net/tochno-st-catalog/Rosstat/data_regions_collection_102_v20260313/data_08_socio_economic_102_v20260313.zip,Y477110053; Y477110005,v20260313,computed from official source rows,"Выбросы, тыс. тонн / ВРП, млрд руб. = тонн на 1 млн руб. ВРП. Для 2024 нужен официальный ВРП-2024."
dagestan,Республика Дагестан,2023,unemployment_rate,11.9,official,Регионы России. Социально-экономические показатели 2024,https://storage.yandexcloud.net/tochno-st-catalog/Rosstat/data_regions_collection_102_v20260313/data_02_socio_economic_102_v20260313.zip,Y477110418,v20260313,official,"Уровень безработицы по данным выборочных обследований рабочей силы, %"
dagestan,Республика Дагестан,2023,avg_salary,39.1,official,Регионы России. Социально-экономические показатели 2024,https://storage.yandexcloud.net/tochno-st-catalog/Rosstat/data_regions_collection_102_v20260313/data_03_socio_economic_102_v20260313.zip,Y477110378,v20260313,official / 1000,Среднемесячная номинальная начисленная зарплата работников организаций: руб. -> тыс. руб.
dagestan,Республика Дагестан,2023,gdp_per_capita,321.2,official,Регионы России. Социально-экономические показатели 2025,https://storage.yandexcloud.net/tochno-st-catalog/Rosstat/data_regions_collection_102_v20260313/data_08_socio_economic_102_v20260313.zip,Y477110006,v20260313,official / 1000,ВРП на душу населения: руб. -> тыс. руб.; в текущей коллекции ряд доступен до 2023 года.
dagestan,Республика Дагестан,2023,investment_per_capita,108.9,official,Регионы России. Социально-экономические показатели 2024,https://storage.yandexcloud.net/tochno-st-catalog/Rosstat/data_regions_collection_102_v20260313/data_10_socio_economic_102_v20260313.zip,Y477110108,v20260313,official / 1000,Инвестиции в основной капитал на душу населения: руб. -> тыс. руб.
dagestan,Республика Дагестан,2023,poverty_rate,12.8,official,Регионы России. Социально-экономические показатели 2024,https://storage.yandexcloud.net/tochno-st-catalog/Rosstat/data_regions_collection_102_v20260313/data_03_socio_economic_102_v20260313.zip,Y477110463,v20260313,official,"Доля населения с денежными доходами ниже границы бедности / величины прожиточного минимума, %."
dagestan,Республика Дагестан,2023,higher_education_share,1.7,official_proxy,Регионы России. Социально-экономические показатели 2024,https://storage.yandexcloud.net/tochno-st-catalog/Rosstat/data_regions_collection_102_v20260313/data_04_socio_economic_102_v20260313.zip,Y477110485,v20260313,official proxy / 100,Прокси: студенты программ бакалавриата/специалитета/магистратуры на 10000 человек населения / 100. Это не точный показатель 'доля занятого населения с высшим образованием'.
dagestan,Республика Дагестан,2023,migration_growth,-17.0,official,Регионы России. Социально-экономические показатели 2024,https://storage.yandexcloud.net/tochno-st-catalog/Rosstat/data_regions_collection_102_v20260313/data_01_socio_economic_102_v20260313.zip,Y477110197,v20260313,official,Коэффициент миграционного прироста на 10000 человек населения; в текущей коллекции ряд доступен до 2023 года.
dagestan,Республика Дагестан,2023,roads_per_area,477.5,official,Регионы России. Социально-экономические показатели 2024,https://storage.yandexcloud.net/tochno-st-catalog/Rosstat/data_regions_collection_102_v20260313/data_16_socio_economic_102_v20260313.zip,Y477110295,v20260313,official,"Плотность автомобильных дорог общего пользования с твердым покрытием, км дорог на 1000 км2 территории."
dagestan,Республика Дагестан,2023,rd_spending_pct_gdp,0.11,derived_from_official,Росстат / tochno.st,https://storage.yandexcloud.net/tochno-st-catalog/Rosstat/data_regions_collection_102_v20260313/data_18_socio_economic_102_v20260313.zip; https://storage.yandexcloud.net/tochno-st-catalog/Rosstat/data_regions_collection_102_v20260313/data_08_socio_economic_102_v20260313.zip,Y477110039; Y477110005,v20260313,computed from official source rows,Внутренние затраты на НИОКР / ВРП * 100. Для 2024 нужен официальный ВРП-2024.
dagestan,Республика Дагестан,2023,emissions_per_gdp,0.01,derived_from_official,Росстат / tochno.st,https://storage.yandexcloud.net/tochno-st-catalog/Rosstat/data_regions_collection_102_v20260313/data_07_socio_economic_102_v20260313.zip; https://storage.yandexcloud.net/tochno-st-catalog/Rosstat/data_regions_collection_102_v20260313/data_08_socio_economic_102_v20260313.zip,Y477110053; Y477110005,v20260313,computed from official source rows,"Выбросы, тыс. тонн / ВРП, млрд руб. = тонн на 1 млн руб. ВРП. Для 2024 нужен официальный ВРП-2024."
dagestan,Республика Дагестан,2024,unemployment_rate,11.2,official,Регионы России. Социально-экономические показатели 2025,https://storage.yandexcloud.net/tochno-st-catalog/Rosstat/data_regions_collection_102_v20260313/data_02_socio_economic_102_v20260313.zip,Y477110418,v20260313,official,"Уровень безработицы по данным выборочных обследований рабочей силы, %"
dagestan,Республика Дагестан,2024,avg_salary,44.6,official,Регионы России. Социально-экономические показатели 2025,https://storage.yandexcloud.net/tochno-st-catalog/Rosstat/data_regions_collection_102_v20260313/data_03_socio_economic_102_v20260313.zip,Y477110378,v20260313,official / 1000,Среднемесячная номинальная начисленная зарплата работников организаций: руб. -> тыс. руб.
dagestan,Республика Дагестан,2024,gdp_per_capita,,missing,Росстат / tochno.st,https://storage.yandexcloud.net/tochno-st-catalog/Rosstat/data_regions_collection_102_v20260313/data_08_socio_economic_102_v20260313.zip,Y477110006,,official / 1000,ВРП на душу населения: руб. -> тыс. руб.; в текущей коллекции ряд доступен до 2023 года.
dagestan,Республика Дагестан,2024,investment_per_capita,122.8,official,Регионы России. Социально-экономические показатели 2025,https://storage.yandexcloud.net/tochno-st-catalog/Rosstat/data_regions_collection_102_v20260313/data_10_socio_economic_102_v20260313.zip,Y477110108,v20260313,official / 1000,Инвестиции в основной капитал на душу населения: руб. -> тыс. руб.
dagestan,Республика Дагестан,2024,poverty_rate,11.7,official,Регионы России. Социально-экономические показатели 2025,https://storage.yandexcloud.net/tochno-st-catalog/Rosstat/data_regions_collection_102_v20260313/data_03_socio_economic_102_v20260313.zip,Y477110463,v20260313,official,"Доля населения с денежными доходами ниже границы бедности / величины прожиточного минимума, %."
dagestan,Республика Дагестан,2024,higher_education_share,1.7,official_proxy,Регионы России. Социально-экономические показатели 2025,https://storage.yandexcloud.net/tochno-st-catalog/Rosstat/data_regions_collection_102_v20260313/data_04_socio_economic_102_v20260313.zip,Y477110485,v20260313,official proxy / 100,Прокси: студенты программ бакалавриата/специалитета/магистратуры на 10000 человек населения / 100. Это не точный показатель 'доля занятого населения с высшим образованием'.
dagestan,Республика Дагестан,2024,migration_growth,,missing,Росстат / tochno.st,https://storage.yandexcloud.net/tochno-st-catalog/Rosstat/data_regions_collection_102_v20260313/data_01_socio_economic_102_v20260313.zip,Y477110197,,official,Коэффициент миграционного прироста на 10000 человек населения; в текущей коллекции ряд доступен до 2023 года.
dagestan,Республика Дагестан,2024,roads_per_area,460.3,official,Регионы России. Социально-экономические показатели 2025,https://storage.yandexcloud.net/tochno-st-catalog/Rosstat/data_regions_collection_102_v20260313/data_16_socio_economic_102_v20260313.zip,Y477110295,v20260313,official,"Плотность автомобильных дорог общего пользования с твердым покрытием, км дорог на 1000 км2 территории."
dagestan,Республика Дагестан,2024,rd_spending_pct_gdp,,missing,Росстат / tochno.st,https://storage.yandexcloud.net/tochno-st-catalog/Rosstat/data_regions_collection_102_v20260313/data_18_socio_economic_102_v20260313.zip; https://storage.yandexcloud.net/tochno-st-catalog/Rosstat/data_regions_collection_102_v20260313/data_08_socio_economic_102_v20260313.zip,Y477110039; Y477110005,v20260313,computed from official source rows,Внутренние затраты на НИОКР / ВРП * 100. Для 2024 нужен официальный ВРП-2024.
dagestan,Республика Дагестан,2024,emissions_per_gdp,,missing,Росстат / tochno.st,https://storage.yandexcloud.net/tochno-st-catalog/Rosstat/data_regions_collection_102_v20260313/data_07_socio_economic_102_v20260313.zip; https://storage.yandexcloud.net/tochno-st-catalog/Rosstat/data_regions_collection_102_v20260313/data_08_socio_economic_102_v20260313.zip,Y477110053; Y477110005,v20260313,computed from official source rows,"Выбросы, тыс. тонн / ВРП, млрд руб. = тонн на 1 млн руб. ВРП. Для 2024 нужен официальный ВРП-2024."
